trip_date,total_pooled_trips,total_trips,pool_efficiency_pct
2020-01-01,13407,192453,6.966376206138642
2020-01-02,7936,122471,6.479901364404634
2020-01-03,8612,150928,5.706032015265557
2020-01-04,9737,166225,5.857722965859527
2020-01-05,9435,142739,6.609966442247739
2020-01-06,9753,142724,6.833468792914997
2020-01-07,9492,144091,6.587503730281558
2020-01-08,11627,162487,7.1556493750269246
2020-01-09,11601,168464,6.886337733877861
2020-01-10,12820,196475,6.525003181066294
2020-01-11,17889,230137,7.773195965881192
2020-01-12,14578,165768,8.794218425751653
2020-01-13,11028,150923,7.307037363423732
2020-01-14,11077,157455,7.035025880410275
2020-01-15,11351,160704,7.063296495420151
2020-01-16,13537,190632,7.1011162868773345
2020-01-17,17812,233800,7.618477331052182
2020-01-18,21542,226888,9.49455237826593
2020-01-19,16485,179638,9.17678887540498
2020-01-20,13945,170074,8.199372038054022
2020-01-21,13162,171492,7.674993585706622
2020-01-22,14114,179462,7.864617579208969
2020-01-23,13179,183035,7.200262244925834
2020-01-24,19472,236871,8.2205082091096
2020-01-25,17932,225684,7.945623083603623
2020-01-26,15719,172305,9.122776471953802
2020-01-27,11625,153863,7.555422681216408
2020-01-28,11790,163306,7.21957552080144
2020-01-29,12096,171374,7.058246875255289
2020-01-30,13903,189366,7.341867072230496
2020-01-31,16887,219468,7.694515829186943
2020-02-01,18387,228670,8.040844885643066
2020-02-02,16625,187766,8.854105642129033
2020-02-03,11921,155298,7.676209609911268
2020-02-04,11513,158425,7.26716111724791
2020-02-05,12486,171552,7.278259653049804
2020-02-06,15306,192532,7.949847298111483
2020-02-07,18870,231373,8.155662069472237
2020-02-08,18810,232972,8.073931631268994
2020-02-09,16110,176035,9.15158917260772
2020-02-10,11077,159646,6.938476378988511
2020-02-11,11059,166841,6.628466623911389
2020-02-12,11401,174069,6.5497015551304365
2020-02-13,16830,222308,7.570577756985804
2020-02-14,21487,272123,7.8960617073896735
2020-02-15,16529,224734,7.354917368978437
2020-02-16,14436,186079,7.757995260077709
2020-02-17,8360,122658,6.815698935250861
2020-02-18,13249,174075,7.611087175068218
2020-02-19,12138,179711,6.754177540606864
2020-02-20,14022,202351,6.929543219455303
2020-02-21,16762,234801,7.138811163495896
2020-02-22,17147,234591,7.309317066724639
2020-02-23,13944,176824,7.885807356467447
2020-02-24,9913,154081,6.433629065231923
2020-02-25,10957,171380,6.393394795191972
2020-02-26,12355,185230,6.670085839226907
2020-02-27,15914,213026,7.47044961647874
2020-02-28,18333,252563,7.258782957123569
2020-02-29,17510,245357,7.136539817490433
2020-03-01,13627,181961,7.488967416094658
2020-03-02,11835,169588,6.978677736632309
2020-03-03,13394,188481,7.106286575304672
2020-03-04,11547,178825,6.457150845798966
2020-03-05,13196,185560,7.11144643242078
2020-03-06,15937,226103,7.048557515822434
2020-03-07,16388,225186,7.277539456271705
2020-03-08,13410,168088,7.977963923659035
2020-03-09,11450,150097,7.628400301138597
2020-03-10,12406,167184,7.420566561393435
2020-03-11,11400,163337,6.979435155537325
2020-03-12,11725,167263,7.009918511565619
2020-03-13,14192,186305,7.61761627438877
2020-03-14,10995,151909,7.237885839548677
2020-03-15,8452,109914,7.689648270466002
2020-03-16,6559,97208,6.7473870463336345
2020-03-17,915,71614,1.2776831345826234
2020-03-18,0,58602,0.0
2020-03-19,0,52595,0.0
2020-03-20,0,59461,0.0
2020-03-21,0,46553,0.0
2020-03-22,0,36270,0.0
2020-03-23,0,42532,0.0
2020-03-24,0,37833,0.0
2020-03-25,0,31627,0.0
2020-03-26,0,31020,0.0
2020-03-27,0,35622,0.0
2020-03-28,0,30477,0.0
2020-03-29,0,26694,0.0
2020-03-30,0,30779,0.0
2020-03-31,0,33187,0.0
2020-04-01,0,32064,0.0
2020-04-02,0,30787,0.0
2020-04-03,0,34845,0.0
2020-04-04,0,29462,0.0
2020-04-05,0,24491,0.0
2020-04-06,0,27349,0.0
2020-04-07,0,27725,0.0
2020-04-08,0,29042,0.0
2020-04-09,0,37898,0.0
2020-04-10,0,22798,0.0
2020-04-11,0,30796,0.0
2020-04-12,0,19954,0.0
2020-04-13,0,28037,0.0
2020-04-14,0,30787,0.0
2020-04-15,0,31119,0.0
2020-04-16,0,31986,0.0
2020-04-17,0,35994,0.0
2020-04-18,0,32074,0.0
2020-04-19,0,26752,0.0
2020-04-20,0,31599,0.0
2020-04-21,0,32603,0.0
2020-04-22,0,32849,0.0
2020-04-23,0,32855,0.0
2020-04-24,0,36426,0.0
2020-04-25,0,32793,0.0
2020-04-26,0,27755,0.0
2020-04-27,0,31532,0.0
2020-04-28,0,32421,0.0
2020-04-29,0,32667,0.0
2020-04-30,0,37417,0.0
2020-05-01,0,40525,0.0
2020-05-02,0,34906,0.0
2020-05-03,0,31941,0.0
2020-05-04,0,33791,0.0
2020-05-05,0,33283,0.0
2020-05-06,0,33193,0.0
2020-05-07,0,34337,0.0
2020-05-08,0,40304,0.0
2020-05-09,0,36777,0.0
2020-05-10,0,33833,0.0
2020-05-11,0,34921,0.0
2020-05-12,0,34672,0.0
2020-05-13,0,37347,0.0
2020-05-14,0,38229,0.0
2020-05-15,0,43679,0.0
2020-05-16,0,43662,0.0
2020-05-17,0,35007,0.0
2020-05-18,0,25414,0.0
2020-05-19,0,38646,0.0
2020-05-20,0,41416,0.0
2020-05-21,0,42440,0.0
2020-05-22,0,48693,0.0
2020-05-23,0,50033,0.0
2020-05-24,0,38899,0.0
2020-05-25,0,42250,0.0
2020-05-26,0,43485,0.0
2020-05-27,0,44549,0.0
2020-05-28,0,44969,0.0
2020-05-29,0,52189,0.0
2020-05-30,0,52413,0.0
2020-05-31,0,43268,0.0
2020-06-01,0,45267,0.0
2020-06-02,0,43940,0.0
2020-06-03,0,44781,0.0
2020-06-04,0,47042,0.0
2020-06-05,0,53869,0.0
2020-06-06,0,55305,0.0
2020-06-07,0,45819,0.0
2020-06-08,0,44736,0.0
2020-06-09,0,48009,0.0
2020-06-10,0,52865,0.0
2020-06-11,0,51770,0.0
2020-06-12,0,61175,0.0
2020-06-13,0,62356,0.0
2020-06-14,0,51322,0.0
2020-06-15,0,49445,0.0
2020-06-16,0,49896,0.0
2020-06-17,0,53453,0.0
2020-06-18,0,56323,0.0
2020-06-19,0,67363,0.0
2020-06-20,0,70327,0.0
2020-06-21,0,56903,0.0
2020-06-22,0,51896,0.0
2020-06-23,0,52535,0.0
2020-06-24,0,58786,0.0
2020-06-25,0,61943,0.0
2020-06-26,0,76153,0.0
2020-06-27,0,76636,0.0
2020-06-28,0,64346,0.0
2020-06-29,0,60359,0.0
2020-06-30,0,71269,0.0
2020-07-01,0,66353,0.0
2020-07-02,0,74779,0.0
2020-07-03,0,78142,0.0
2020-07-04,0,79098,0.0
2020-07-05,0,64059,0.0
2020-07-06,0,61553,0.0
2020-07-07,0,64930,0.0
2020-07-08,0,71251,0.0
2020-07-09,0,76478,0.0
2020-07-10,0,91177,0.0
2020-07-11,0,84411,0.0
2020-07-12,0,69083,0.0
2020-07-13,0,64018,0.0
2020-07-14,0,66772,0.0
2020-07-15,0,72180,0.0
2020-07-16,0,72325,0.0
2020-07-17,0,90241,0.0
2020-07-18,0,98639,0.0
2020-07-19,0,67581,0.0
2020-07-20,0,66277,0.0
2020-07-21,0,67679,0.0
2020-07-22,0,71089,0.0
2020-07-23,0,75126,0.0
2020-07-24,0,90126,0.0
2020-07-25,0,95344,0.0
2020-07-26,0,75757,0.0
2020-07-27,0,66272,0.0
2020-07-28,0,68486,0.0
2020-07-29,0,73239,0.0
2020-07-30,0,79015,0.0
2020-07-31,0,94183,0.0
2020-08-01,0,99739,0.0
2020-08-02,0,79470,0.0
2020-08-03,0,59414,0.0
2020-08-04,0,71466,0.0
2020-08-05,0,77348,0.0
2020-08-06,0,83539,0.0
2020-08-07,0,98067,0.0
2020-08-08,0,108293,0.0
2020-08-09,0,85320,0.0
2020-08-10,0,74320,0.0
2020-08-11,0,73948,0.0
2020-08-12,0,78927,0.0
2020-08-13,0,85208,0.0
2020-08-14,0,103295,0.0
2020-08-15,0,109937,0.0
2020-08-16,0,79801,0.0
2020-08-17,0,72092,0.0
2020-08-18,0,75257,0.0
2020-08-19,0,78908,0.0
2020-08-20,0,87384,0.0
2020-08-21,0,102818,0.0
2020-08-22,0,114573,0.0
2020-08-23,0,91040,0.0
2020-08-24,0,75480,0.0
2020-08-25,0,77621,0.0
2020-08-26,0,84295,0.0
2020-08-27,0,86329,0.0
2020-08-28,0,103656,0.0
2020-08-29,0,110311,0.0
2020-08-30,0,90704,0.0
2020-08-31,0,78823,0.0
2020-09-01,0,81022,0.0
2020-09-02,0,81673,0.0
2020-09-03,0,92824,0.0
2020-09-04,0,106936,0.0
2020-09-05,0,106908,0.0
2020-09-06,0,93317,0.0
2020-09-07,0,61436,0.0
2020-09-08,0,76051,0.0
2020-09-09,0,80204,0.0
2020-09-10,0,86006,0.0
2020-09-11,0,106490,0.0
2020-09-12,0,115449,0.0
2020-09-13,0,85714,0.0
2020-09-14,0,72868,0.0
2020-09-15,0,75740,0.0
2020-09-16,0,80540,0.0
2020-09-17,0,84895,0.0
2020-09-18,0,105180,0.0
2020-09-19,0,109227,0.0
2020-09-20,0,81997,0.0
2020-09-21,0,70211,0.0
2020-09-22,0,71660,0.0
2020-09-23,0,76420,0.0
2020-09-24,0,81634,0.0
2020-09-25,0,100204,0.0
2020-09-26,0,106157,0.0
2020-09-27,0,79024,0.0
2020-09-28,0,68885,0.0
2020-09-29,0,71360,0.0
2020-09-30,0,79486,0.0
2020-10-01,0,81401,0.0
2020-10-02,0,93098,0.0
2020-10-03,0,94152,0.0
2020-10-04,0,71314,0.0
2020-10-05,0,65949,0.0
2020-10-06,0,67453,0.0
2020-10-07,0,72325,0.0
2020-10-08,0,77287,0.0
2020-10-09,0,93491,0.0
2020-10-10,0,82740,0.0
2020-10-11,0,70757,0.0
2020-10-12,0,47572,0.0
2020-10-13,0,64772,0.0
2020-10-14,0,65171,0.0
2020-10-15,0,77241,0.0
2020-10-16,0,85236,0.0
2020-10-17,0,86092,0.0
2020-10-18,0,63947,0.0
2020-10-19,0,63470,0.0
2020-10-20,0,65731,0.0
2020-10-21,0,68025,0.0
2020-10-22,0,70581,0.0
2020-10-23,0,90917,0.0
2020-10-24,0,89930,0.0
2020-10-25,0,67032,0.0
2020-10-26,0,63207,0.0
2020-10-27,0,68380,0.0
2020-10-28,0,69024,0.0
2020-10-29,0,75037,0.0
2020-10-30,0,95836,0.0
2020-10-31,0,101827,0.0
2020-11-01,0,80856,0.0
2020-11-02,0,66190,0.0
2020-11-03,0,65926,0.0
2020-11-04,0,68239,0.0
2020-11-05,0,71295,0.0
2020-11-06,0,88984,0.0
2020-11-07,0,95337,0.0
2020-11-08,0,70818,0.0
2020-11-09,0,62816,0.0
2020-11-10,0,64896,0.0
2020-11-11,0,69484,0.0
2020-11-12,0,70743,0.0
2020-11-13,0,89183,0.0
2020-11-14,0,88224,0.0
2020-11-15,0,66498,0.0
2020-11-16,0,64269,0.0
2020-11-17,0,66912,0.0
2020-11-18,0,67135,0.0
2020-11-19,0,71677,0.0
2020-11-20,0,88786,0.0
2020-11-21,0,90012,0.0
2020-11-22,0,79777,0.0
2020-11-23,0,58146,0.0
2020-11-24,0,56333,0.0
2020-11-25,0,58101,0.0
2020-11-26,0,61227,0.0
2020-11-27,0,70327,0.0
2020-11-28,0,65605,0.0
2020-11-29,0,54141,0.0
2020-11-30,0,66377,0.0
2020-12-01,0,62844,0.0
2020-12-02,0,60029,0.0
2020-12-03,0,60728,0.0
2020-12-04,0,73035,0.0
2020-12-05,0,65050,0.0
2020-12-06,0,51038,0.0
2020-12-07,0,56526,0.0
2020-12-08,0,57391,0.0
2020-12-09,0,60987,0.0
2020-12-10,0,62810,0.0
2020-12-11,0,73518,0.0
2020-12-12,0,69247,0.0
2020-12-13,0,54142,0.0
2020-12-14,0,57985,0.0
2020-12-15,0,60692,0.0
2020-12-16,0,65839,0.0
2020-12-17,0,68703,0.0
2020-12-18,0,78090,0.0
2020-12-19,0,68388,0.0
2020-12-20,0,54257,0.0
2020-12-21,0,59330,0.0
2020-12-22,0,65465,0.0
2020-12-23,0,71038,0.0
2020-12-24,0,77601,0.0
2020-12-25,0,58078,0.0
2020-12-26,0,48979,0.0
2020-12-27,0,44502,0.0
2020-12-28,0,43146,0.0
2020-12-29,0,50400,0.0
2020-12-30,0,56739,0.0
2020-12-31,0,75165,0.0
2021-01-01,0,60852,0.0
2021-01-02,0,45201,0.0
2021-01-03,0,41151,0.0
2021-01-04,0,49126,0.0
2021-01-05,0,50111,0.0
2021-01-06,0,51093,0.0
2021-01-07,0,53743,0.0
2021-01-08,0,61763,0.0
2021-01-09,0,55820,0.0
2021-01-10,0,45066,0.0
2021-01-11,0,48852,0.0
2021-01-12,0,49236,0.0
2021-01-13,0,51991,0.0
2021-01-14,0,46959,0.0
2021-01-15,0,53527,0.0
2021-01-16,0,46338,0.0
2021-01-17,0,38233,0.0
2021-01-18,0,44113,0.0
2021-01-19,0,45190,0.0
2021-01-20,0,48308,0.0
2021-01-21,0,49855,0.0
2021-01-22,0,58081,0.0
2021-01-23,0,54647,0.0
2021-01-24,0,44212,0.0
2021-01-25,0,46730,0.0
2021-01-26,0,50276,0.0
2021-01-27,0,51239,0.0
2021-01-28,0,54432,0.0
2021-01-29,0,64579,0.0
2021-01-30,0,56291,0.0
2021-01-31,0,46799,0.0
2021-02-01,0,50219,0.0
2021-02-02,0,48713,0.0
2021-02-03,0,49851,0.0
2021-02-04,0,51821,0.0
2021-02-05,0,64061,0.0
2021-02-06,0,58599,0.0
2021-02-07,0,52777,0.0
2021-02-08,0,51957,0.0
2021-02-09,0,50115,0.0
2021-02-10,0,51915,0.0
2021-02-11,0,55983,0.0
2021-02-12,0,69570,0.0
2021-02-13,0,65242,0.0
2021-02-14,0,57823,0.0
2021-02-15,0,39757,0.0
2021-02-16,0,57052,0.0
2021-02-17,0,58023,0.0
2021-02-18,0,61548,0.0
2021-02-19,0,72207,0.0
2021-02-20,0,62235,0.0
2021-02-21,0,50001,0.0
2021-02-22,0,53985,0.0
2021-02-23,0,54655,0.0
2021-02-24,0,54902,0.0
2021-02-25,0,57888,0.0
2021-02-26,0,70178,0.0
2021-02-27,0,66164,0.0
2021-02-28,0,52375,0.0
2021-03-01,0,58508,0.0
2021-03-02,0,56811,0.0
2021-03-03,0,55728,0.0
2021-03-04,0,62077,0.0
2021-03-05,0,71595,0.0
2021-03-06,0,66517,0.0
2021-03-07,0,53938,0.0
2021-03-08,0,57051,0.0
2021-03-09,0,57095,0.0
2021-03-10,0,58622,0.0
2021-03-11,0,61416,0.0
2021-03-12,0,74735,0.0
2021-03-13,0,74222,0.0
2021-03-14,0,57970,0.0
2021-03-15,0,60277,0.0
2021-03-16,0,60233,0.0
2021-03-17,0,61854,0.0
2021-03-18,0,65927,0.0
2021-03-19,0,78026,0.0
2021-03-20,0,80287,0.0
2021-03-21,0,63519,0.0
2021-03-22,0,60466,0.0
2021-03-23,0,60160,0.0
2021-03-24,0,60775,0.0
2021-03-25,0,67704,0.0
2021-03-26,0,82017,0.0
2021-03-27,0,77479,0.0
2021-03-28,0,61740,0.0
2021-03-29,0,60719,0.0
2021-03-30,0,65302,0.0
2021-03-31,0,68872,0.0
2021-04-01,0,86290,0.0
2021-04-02,0,63778,0.0
2021-04-03,0,67807,0.0
2021-04-04,0,51387,0.0
2021-04-05,0,52983,0.0
2021-04-06,0,57129,0.0
2021-04-07,0,60017,0.0
2021-04-08,0,57025,0.0
2021-04-09,0,65023,0.0
2021-04-10,0,65373,0.0
2021-04-11,0,51201,0.0
2021-04-12,0,56641,0.0
2021-04-13,0,52791,0.0
2021-04-14,0,55606,0.0
2021-04-15,0,58905,0.0
2021-04-16,0,66777,0.0
2021-04-17,0,55076,0.0
2021-04-18,0,45583,0.0
2021-04-19,0,44351,0.0
2021-04-20,0,54489,0.0
2021-04-21,0,55801,0.0
2021-04-22,0,56707,0.0
2021-04-23,0,65107,0.0
2021-04-24,0,60265,0.0
2021-04-25,0,49441,0.0
2021-04-26,0,52258,0.0
2021-04-27,0,53542,0.0
2021-04-28,0,55720,0.0
2021-04-29,0,63313,0.0
2021-04-30,0,74019,0.0
2021-05-01,0,65714,0.0
2021-05-02,0,49794,0.0
2021-05-03,0,56229,0.0
2021-05-04,0,56992,0.0
2021-05-05,0,59136,0.0
2021-05-06,0,63188,0.0
2021-05-07,0,69959,0.0
2021-05-08,0,67755,0.0
2021-05-09,0,56730,0.0
2021-05-10,0,54979,0.0
2021-05-11,0,56963,0.0
2021-05-12,0,59250,0.0
2021-05-13,0,63480,0.0
2021-05-14,0,74909,0.0
2021-05-15,0,74564,0.0
2021-05-16,0,61187,0.0
2021-05-17,0,56798,0.0
2021-05-18,0,59404,0.0
2021-05-19,0,61566,0.0
2021-05-20,0,67024,0.0
2021-05-21,0,80886,0.0
2021-05-22,0,71798,0.0
2021-05-23,0,67637,0.0
2021-05-24,0,51440,0.0
2021-05-25,0,61599,0.0
2021-05-26,0,60837,0.0
2021-05-27,0,66004,0.0
2021-05-28,0,82528,0.0
2021-05-29,0,79627,0.0
2021-05-30,0,65392,0.0
2021-05-31,0,62877,0.0
2021-06-01,0,62002,0.0
2021-06-02,0,62287,0.0
2021-06-03,0,66155,0.0
2021-06-04,0,77560,0.0
2021-06-05,0,89416,0.0
2021-06-06,0,72350,0.0
2021-06-07,0,61834,0.0
2021-06-08,0,62338,0.0
2021-06-09,0,63496,0.0
2021-06-10,0,70997,0.0
2021-06-11,0,97953,0.0
2021-06-12,0,107802,0.0
2021-06-13,0,82563,0.0
2021-06-14,0,70845,0.0
2021-06-15,0,74631,0.0
2021-06-16,0,76944,0.0
2021-06-17,0,83483,0.0
2021-06-18,0,102261,0.0
2021-06-19,0,109473,0.0
2021-06-20,0,84429,0.0
2021-06-21,0,72575,0.0
2021-06-22,0,74048,0.0
2021-06-23,0,79933,0.0
2021-06-24,0,88683,0.0
2021-06-25,0,103163,0.0
2021-06-26,0,100000,0.0
2021-06-27,0,89922,0.0
2021-06-28,0,78690,0.0
2021-06-29,0,82164,0.0
2021-06-30,0,96860,0.0
2021-07-01,0,74081,0.0
2021-07-02,0,86826,0.0
2021-07-03,0,87945,0.0
2021-07-04,0,72575,0.0
2021-07-05,0,68452,0.0
2021-07-06,0,73052,0.0
2021-07-07,0,73793,0.0
2021-07-08,0,79880,0.0
2021-07-09,0,92307,0.0
2021-07-10,0,99749,0.0
2021-07-11,0,79285,0.0
2021-07-12,0,67341,0.0
2021-07-13,0,70324,0.0
2021-07-14,0,75906,0.0
2021-07-15,0,82419,0.0
2021-07-16,0,98002,0.0
2021-07-17,0,108091,0.0
2021-07-18,0,86246,0.0
2021-07-19,0,70586,0.0
2021-07-20,0,71478,0.0
2021-07-21,0,78065,0.0
2021-07-22,0,85114,0.0
2021-07-23,0,103374,0.0
2021-07-24,0,113447,0.0
2021-07-25,0,88396,0.0
2021-07-26,0,71353,0.0
2021-07-27,0,75314,0.0
2021-07-28,0,79197,0.0
2021-07-29,0,89205,0.0
2021-07-30,0,106293,0.0
2021-07-31,0,107740,0.0
2021-08-01,0,100503,0.0
2021-08-02,0,78312,0.0
2021-08-03,0,83886,0.0
2021-08-04,0,87850,0.0
2021-08-05,0,97444,0.0
2021-08-06,0,117611,0.0
2021-08-07,0,128163,0.0
2021-08-08,0,100728,0.0
2021-08-09,0,83199,0.0
2021-08-10,0,86901,0.0
2021-08-11,0,92501,0.0
2021-08-12,0,100930,0.0
2021-08-13,0,121230,0.0
2021-08-14,0,133793,0.0
2021-08-15,0,102165,0.0
2021-08-16,0,81003,0.0
2021-08-17,0,85496,0.0
2021-08-18,0,91997,0.0
2021-08-19,0,102363,0.0
2021-08-20,0,124718,0.0
2021-08-21,0,136429,0.0
2021-08-22,0,106765,0.0
2021-08-23,0,84705,0.0
2021-08-24,0,90338,0.0
2021-08-25,0,94312,0.0
2021-08-26,0,105331,0.0
2021-08-27,0,123768,0.0
2021-08-28,0,140922,0.0
2021-08-29,0,108379,0.0
2021-08-30,0,87945,0.0
2021-08-31,0,93740,0.0
2021-09-01,0,96638,0.0
2021-09-02,0,106286,0.0
2021-09-03,0,122044,0.0
2021-09-04,0,132379,0.0
2021-09-05,0,119087,0.0
2021-09-06,0,79565,0.0
2021-09-07,0,95198,0.0
2021-09-08,0,93389,0.0
2021-09-09,0,99633,0.0
2021-09-10,0,124043,0.0
2021-09-11,0,139115,0.0
2021-09-12,0,106427,0.0
2021-09-13,0,86090,0.0
2021-09-14,0,90732,0.0
2021-09-15,0,95682,0.0
2021-09-16,0,102358,0.0
2021-09-17,0,130518,0.0
2021-09-18,0,146749,0.0
2021-09-19,0,112301,0.0
2021-09-20,0,88184,0.0
2021-09-21,0,92951,0.0
2021-09-22,0,107813,0.0
2021-09-23,0,103946,0.0
2021-09-24,0,128324,0.0
2021-09-25,0,144082,0.0
2021-09-26,0,105199,0.0
2021-09-27,0,84503,0.0
2021-09-28,0,89495,0.0
2021-09-29,0,99701,0.0
2021-09-30,0,108798,0.0
2021-10-01,0,128285,0.0
2021-10-02,0,142679,0.0
2021-10-03,0,108029,0.0
2021-10-04,0,85759,0.0
2021-10-05,0,87371,0.0
2021-10-06,0,94974,0.0
2021-10-10,0,110849,0.0
2021-10-11,0,76756,0.0
2021-10-12,0,91473,0.0
2021-10-13,0,97583,0.0
2021-10-17,0,109817,0.0
2021-10-18,0,86870,0.0
2021-10-19,0,88698,0.0
2021-10-20,0,98666,0.0
2021-10-21,0,109482,0.0
2021-10-22,0,132136,0.0
2021-10-23,0,147861,0.0
2021-10-24,0,108712,0.0
2021-10-25,0,96882,0.0
2021-10-26,0,97328,0.0
2021-10-27,0,98646,0.0
2021-10-28,0,110364,0.0
2021-10-29,0,150631,0.0
2021-10-30,0,183073,0.0
2021-10-31,0,139740,0.0
2021-11-01,0,94651,0.0
2021-11-02,0,91383,0.0
2021-11-03,0,97297,0.0
2021-11-04,0,107787,0.0
2021-11-05,0,131350,0.0
2021-11-06,0,145564,0.0
2021-11-07,0,111395,0.0
2021-11-08,0,84135,0.0
2021-11-09,0,91008,0.0
2021-11-10,0,96434,0.0
2021-11-11,0,106746,0.0
2021-11-12,0,135880,0.0
2021-11-13,0,155628,0.0
2021-11-14,0,119258,0.0
2021-11-15,0,90281,0.0
2021-11-16,0,96506,0.0
2021-11-17,0,99920,0.0
2021-11-18,0,115306,0.0
2021-11-19,0,140944,0.0
2021-11-20,0,157784,0.0
2021-11-21,0,117423,0.0
2021-11-22,0,91143,0.0
2021-11-23,0,93071,0.0
2021-11-24,0,102026,0.0
2021-11-25,0,117921,0.0
2021-11-26,0,149566,0.0
2021-11-27,0,158109,0.0
2021-11-28,0,120610,0.0
2021-11-29,0,92861,0.0
2021-11-30,0,102842,0.0
2021-12-01,0,107359,0.0
2021-12-02,0,120409,0.0
2021-12-03,0,145210,0.0
2021-12-04,0,158309,0.0
2021-12-05,0,124333,0.0
2021-12-06,0,94600,0.0
2021-12-07,0,104243,0.0
2021-12-08,0,114546,0.0
2021-12-09,0,126114,0.0
2021-12-10,0,150098,0.0
2021-12-11,0,165640,0.0
2021-12-12,0,120385,0.0
2021-12-13,0,93865,0.0
2021-12-14,0,100990,0.0
2021-12-15,0,109563,0.0
2021-12-16,0,118282,0.0
2021-12-17,0,140854,0.0
2021-12-18,0,149050,0.0
2021-12-19,0,111353,0.0
2021-12-20,0,91369,0.0
2021-12-21,0,91896,0.0
2021-12-22,0,101009,0.0
2021-12-23,0,104610,0.0
2021-12-24,0,102960,0.0
2021-12-25,0,72067,0.0
2021-12-26,0,70906,0.0
2021-12-27,0,71408,0.0
2021-12-28,0,70234,0.0
2021-12-29,0,76007,0.0
2021-12-30,0,81488,0.0
2021-12-31,0,110186,0.0
2022-01-01,0,89674,0.0
2022-01-02,0,66446,0.0
2022-01-03,0,65479,0.0
2022-01-04,0,75488,0.0
2022-01-05,0,66439,0.0
2022-01-06,0,67222,0.0
2022-01-07,0,79186,0.0
2022-01-08,0,75826,0.0
2022-01-09,0,62550,0.0
2022-01-10,0,67693,0.0
2022-01-11,0,70941,0.0
2022-01-12,0,64656,0.0
2022-01-13,0,67040,0.0
2022-01-14,0,87602,0.0
2022-01-15,0,91241,0.0
2022-01-16,0,70262,0.0
2022-01-17,0,28955,0.0
2022-01-18,0,72367,0.0
2022-01-19,0,75258,0.0
2022-01-20,0,83285,0.0
2022-01-21,0,95905,0.0
2022-01-22,0,95008,0.0
2022-01-23,0,75416,0.0
2022-01-24,0,69630,0.0
2022-01-25,0,73740,0.0
2022-01-26,0,77348,0.0
2022-01-27,0,81002,0.0
2022-01-28,0,99153,0.0
2022-01-29,0,100456,0.0
2022-01-30,0,79342,0.0
2022-01-31,0,82588,0.0
2022-02-01,0,84215,0.0
2022-02-02,0,89054,0.0
2022-02-03,0,88994,0.0
2022-02-04,0,112604,0.0
2022-02-05,0,122941,0.0
2022-02-06,0,92863,0.0
2022-02-07,0,76748,0.0
2022-02-08,0,82213,0.0
2022-02-09,0,84071,0.0
2022-02-10,0,93683,0.0
2022-02-11,0,120081,0.0
2022-02-12,0,133828,0.0
2022-02-13,0,113438,0.0
2022-02-14,0,105323,0.0
2022-02-15,0,88616,0.0
2022-02-16,0,87745,0.0
2022-02-17,0,104842,0.0
2022-02-18,0,119908,0.0
2022-02-19,0,132533,0.0
2022-02-20,0,112355,0.0
2022-02-21,0,71832,0.0
2022-02-22,0,94649,0.0
2022-02-23,0,99747,0.0
2022-02-24,0,107316,0.0
2022-02-25,0,126359,0.0
2022-02-26,0,146584,0.0
2022-02-27,0,110561,0.0
2022-02-28,0,91459,0.0
2022-03-01,0,94053,0.0
2022-03-02,0,97542,0.0
2022-03-03,0,110338,0.0
2022-03-04,0,132658,0.0
2022-03-05,0,149942,0.0
2022-03-06,0,112112,0.0
2022-03-07,0,90748,0.0
2022-03-08,0,93612,0.0
2022-03-09,0,97496,0.0
2022-03-10,0,107676,0.0
2022-03-11,0,134950,0.0
2022-03-12,0,157346,0.0
2022-03-13,0,115174,0.0
2022-03-14,0,90974,0.0
2022-03-15,0,100974,0.0
2022-03-16,0,98913,0.0
2022-03-17,0,117173,0.0
2022-03-18,0,138617,0.0
2022-03-19,0,155935,0.0
2022-03-20,0,112784,0.0
2022-03-21,0,86824,0.0
2022-03-22,0,90927,0.0
2022-03-23,0,113406,0.0
2022-03-24,0,108722,0.0
2022-03-25,0,136110,0.0
2022-03-26,0,158596,0.0
2022-03-27,0,128030,0.0
2022-03-28,0,98217,0.0
2022-03-29,0,96212,0.0
2022-03-30,0,106346,0.0
2022-03-31,0,114242,0.0
2022-04-01,0,138220,0.0
2022-04-02,0,145604,0.0
2022-04-03,0,112996,0.0
2022-04-04,0,89364,0.0
2022-04-05,0,94946,0.0
2022-04-06,0,102189,0.0
2022-04-07,0,109775,0.0
2022-04-08,0,134309,0.0
2022-04-09,0,152027,0.0
2022-04-10,0,114945,0.0
2022-04-11,0,90292,0.0
2022-04-12,0,93724,0.0
2022-04-13,0,103532,0.0
2022-04-14,0,124849,0.0
2022-04-15,0,115721,0.0
2022-04-16,0,136905,0.0
2022-04-17,0,105756,0.0
2022-04-18,0,93436,0.0
2022-04-19,0,101122,0.0
2022-04-20,0,106913,0.0
2022-04-21,0,115216,0.0
2022-04-22,0,134020,0.0
2022-04-23,0,156400,0.0
2022-04-24,0,118204,0.0
2022-04-25,0,99973,0.0
2022-04-26,0,101809,0.0
2022-04-27,0,110284,0.0
2022-04-28,0,119766,0.0
2022-04-29,0,138251,0.0
2022-04-30,0,153384,0.0
2022-05-01,0,121407,0.0
2022-05-02,0,88103,0.0
2022-05-03,0,104587,0.0
2022-05-04,0,106889,0.0
2022-05-05,0,114745,0.0
2022-05-06,0,138750,0.0
2022-05-07,0,154836,0.0
2022-05-08,0,117568,0.0
2022-05-09,0,91717,0.0
2022-05-10,0,100663,0.0
2022-05-11,0,106310,0.0
2022-05-12,0,117500,0.0
2022-05-13,0,142030,0.0
2022-05-14,0,160257,0.0
2022-05-15,0,126441,0.0
2022-05-16,0,100034,0.0
2022-05-17,0,101440,0.0
2022-05-18,0,108653,0.0
2022-05-19,0,117466,0.0
2022-05-20,0,139619,0.0
2022-05-21,0,149069,0.0
2022-05-22,0,131055,0.0
2022-05-23,0,85394,0.0
2022-05-24,0,97900,0.0
2022-05-25,0,104856,0.0
2022-05-26,0,113837,0.0
2022-05-27,0,141236,0.0
2022-05-28,0,159403,0.0
2022-05-29,0,125085,0.0
2022-05-30,0,101040,0.0
2022-05-31,0,110930,0.0
2022-06-01,0,117897,0.0
2022-06-02,0,122022,0.0
2022-06-03,0,148062,0.0
2022-06-04,0,171706,0.0
2022-06-05,0,129663,0.0
2022-06-06,0,103846,0.0
2022-06-07,0,114982,0.0
2022-06-08,0,113820,0.0
2022-06-09,0,127956,0.0
2022-06-10,0,149182,0.0
2022-06-11,0,170146,0.0
2022-06-12,0,136217,0.0
2022-06-13,0,103738,0.0
2022-06-14,0,110692,0.0
2022-06-15,0,119036,0.0
2022-06-16,0,130582,0.0
2022-06-17,0,152017,0.0
2022-06-18,0,167472,0.0
2022-06-19,0,131496,0.0
2022-06-20,0,106660,0.0
2022-06-21,0,117409,0.0
2022-06-22,0,131707,0.0
2022-06-23,0,137085,0.0
2022-06-24,0,153988,0.0
2022-06-25,0,173871,0.0
2022-06-26,0,142294,0.0
2022-06-27,0,105719,0.0
2022-06-28,0,110782,0.0
2022-06-29,0,121508,0.0
2022-06-30,0,140016,0.0
2022-07-01,0,132493,0.0
2022-07-02,0,150852,0.0
2022-07-03,0,121724,0.0
2022-07-04,0,97157,0.0
2022-07-05,0,107535,0.0
2022-07-06,0,108911,0.0
2022-07-07,0,119968,0.0
2022-07-08,0,102894,0.0
2022-07-09,0,151489,0.0
2022-07-10,0,132341,0.0
2022-07-11,0,100944,0.0
2022-07-12,0,104402,0.0
2022-07-13,0,109960,0.0
2022-07-14,0,120228,0.0
2022-07-15,0,145105,0.0
2022-07-16,0,164386,0.0
2022-07-17,0,133272,0.0
2022-07-18,0,104842,0.0
2022-07-19,0,109859,0.0
2022-07-20,0,120676,0.0
2022-07-21,0,129160,0.0
2022-07-22,0,151825,0.0
2022-07-23,0,177256,0.0
2022-07-24,0,136177,0.0
2022-07-25,0,100722,0.0
2022-07-26,0,112087,0.0
2022-07-27,0,119652,0.0
2022-07-28,0,134405,0.0
2022-07-29,0,161288,0.0
2022-07-30,0,171827,0.0
2022-07-31,0,154844,0.0
2022-08-01,0,108325,0.0
2022-08-02,0,107433,0.0
2022-08-03,0,109691,0.0
2022-08-04,0,121519,0.0
2022-08-05,0,144897,0.0
2022-08-06,0,173226,0.0
2022-08-07,0,141217,0.0
2022-08-08,0,108826,0.0
2022-08-09,0,109619,0.0
2022-08-10,0,119215,0.0
2022-08-11,0,127475,0.0
2022-08-12,0,151665,0.0
2022-08-13,0,174983,0.0
2022-08-14,0,140979,0.0
2022-08-15,0,108249,0.0
2022-08-16,0,113502,0.0
2022-08-17,0,119280,0.0
2022-08-18,0,129727,0.0
2022-08-19,0,155598,0.0
2022-08-20,0,180660,0.0
2022-08-21,0,144063,0.0
2022-08-22,0,120083,0.0
2022-08-23,0,115713,0.0
2022-08-24,0,122987,0.0
2022-08-25,0,133660,0.0
2022-08-26,0,154242,0.0
2022-08-27,0,172813,0.0
2022-08-28,0,143326,0.0
2022-08-29,0,110551,0.0
2022-08-30,0,118185,0.0
2022-08-31,0,126703,0.0
2022-09-01,0,133997,0.0
2022-09-02,0,153264,0.0
2022-09-03,0,169625,0.0
2022-09-04,0,150644,0.0
2022-09-05,0,102939,0.0
2022-09-06,0,116739,0.0
2022-09-07,0,122404,0.0
2022-09-08,0,137897,0.0
2022-09-09,0,165243,0.0
2022-09-10,0,188632,0.0
2022-09-11,0,157506,0.0
2022-09-12,0,124795,0.0
2022-09-13,0,121654,0.0
2022-09-14,0,129142,0.0
2022-09-15,0,138257,0.0
2022-09-16,0,162629,0.0
2022-09-17,0,183796,0.0
2022-09-18,0,147053,0.0
2022-09-19,0,111855,0.0
2022-09-20,0,117303,0.0
2022-09-21,0,126516,0.0
2022-09-22,0,139050,0.0
2022-09-23,0,159167,0.0
2022-09-24,0,179966,0.0
2022-09-25,0,142604,0.0
2022-09-26,0,115513,0.0
2022-09-27,0,125182,0.0
2022-09-28,0,127993,0.0
2022-09-29,0,144102,0.0
2022-09-30,0,165488,0.0
2022-10-01,0,179972,0.0
2022-10-02,0,142150,0.0
2022-10-03,0,108176,0.0
2022-10-04,0,113399,0.0
2022-10-05,0,123243,0.0
2022-10-06,0,135463,0.0
2022-10-07,0,164081,0.0
2022-10-08,0,167375,0.0
2022-10-09,0,138822,0.0
2022-10-10,0,93704,0.0
2022-10-11,0,113807,0.0
2022-10-12,0,122081,0.0
2022-10-13,0,138851,0.0
2022-10-14,0,160784,0.0
2022-10-15,0,180500,0.0
2022-10-16,0,138199,0.0
2022-10-17,0,114980,0.0
2022-10-18,0,125232,0.0
2022-10-19,0,132449,0.0
2022-10-20,0,144008,0.0
2022-10-21,0,162027,0.0
2022-10-22,0,176502,0.0
2022-10-23,0,138294,0.0
2022-10-24,0,112161,0.0
2022-10-25,0,115618,0.0
2022-10-26,0,133032,0.0
2022-10-27,0,139849,0.0
2022-10-28,0,174076,0.0
2022-10-29,0,212272,0.0
2022-10-30,0,166877,0.0
2022-10-31,0,125824,0.0
2022-11-01,0,120854,0.0
2022-11-02,0,119422,0.0
2022-11-03,0,131542,0.0
2022-11-04,0,153558,0.0
2022-11-05,0,177402,0.0
2022-11-06,0,141146,0.0
2022-11-07,0,110217,0.0
2022-11-08,0,119643,0.0
2022-11-09,0,124594,0.0
2022-11-10,0,139732,0.0
2022-11-11,0,167465,0.0
2022-11-12,0,182969,0.0
2022-11-13,0,140620,0.0
2022-11-14,0,113101,0.0
2022-11-15,0,129500,0.0
2022-11-16,0,133341,0.0
2022-11-17,0,147371,0.0
2022-11-18,0,172280,0.0
2022-11-19,0,192514,0.0
2022-11-20,0,145541,0.0
2022-11-21,0,115018,0.0
2022-11-22,0,120220,0.0
2022-11-23,0,129928,0.0
2022-11-24,0,140087,0.0
2022-11-25,0,170139,0.0
2022-11-26,0,183567,0.0
2022-11-27,0,143555,0.0
2022-11-28,0,113407,0.0
2022-11-29,0,123923,0.0
2022-11-30,0,150567,0.0
2022-12-01,0,159361,0.0
2022-12-02,0,176557,0.0
2022-12-03,0,193902,0.0
2022-12-04,0,142250,0.0
2022-12-05,0,116739,0.0
2022-12-06,0,125791,0.0
2022-12-07,0,137093,0.0
2022-12-08,0,160995,0.0
2022-12-09,0,191764,0.0
2022-12-10,0,210850,0.0
2022-12-11,0,153111,0.0
2022-12-12,0,122747,0.0
2022-12-13,0,139678,0.0
2022-12-14,0,152410,0.0
2022-12-15,0,175822,0.0
2022-12-16,0,194357,0.0
2022-12-17,0,207677,0.0
2022-12-18,0,163159,0.0
2022-12-19,0,124471,0.0
2022-12-20,0,136366,0.0
2022-12-21,0,147508,0.0
2022-12-22,0,162998,0.0
2022-12-23,0,137167,0.0
2022-12-24,0,140035,0.0
2022-12-25,0,109571,0.0
2022-12-26,0,106038,0.0
2022-12-27,0,112072,0.0
2022-12-28,0,115218,0.0
2022-12-29,0,122601,0.0
2022-12-30,0,150433,0.0
2022-12-31,0,197339,0.0
2023-01-01,0,155679,0.0
2023-01-02,0,82916,0.0
2023-01-03,0,99281,0.0
2023-01-04,0,115022,0.0
2023-01-05,0,113187,0.0
2023-01-06,0,134473,0.0
2023-01-07,0,151795,0.0
2023-01-08,0,119920,0.0
2023-01-09,0,105070,0.0
2023-01-10,0,112971,0.0
2023-01-11,0,121406,0.0
2023-01-12,0,132916,0.0
2023-01-13,0,163567,0.0
2023-01-14,0,178116,0.0
2023-01-15,0,132933,0.0
2023-01-16,0,111480,0.0
2023-01-17,0,122250,0.0
2023-01-18,0,122633,0.0
2023-01-19,0,147853,0.0
2023-01-20,0,168642,0.0
2023-01-21,0,185648,0.0
2023-01-22,0,145754,0.0
2023-01-23,0,116196,0.0
2023-01-24,0,124587,0.0
2023-01-25,0,124985,0.0
2023-01-26,0,138489,0.0
2023-01-27,0,175549,0.0
2023-01-28,0,183849,0.0
2023-01-29,0,141778,0.0
2023-01-30,0,119715,0.0
2023-01-31,0,136187,0.0
2023-02-01,0,144866,0.0
2023-02-02,4,151009,0.002648848744114589
2023-02-03,0,192835,0.0
2023-02-04,0,185838,0.0
2023-02-05,8,134147,0.005963607087747023
2023-02-06,0,116179,0.0
2023-02-07,0,124115,0.0
2023-02-08,193,133148,0.14495148256075946
2023-02-09,541,159158,0.33991379635330926
2023-02-10,496,172395,0.2877113605382987
2023-02-11,617,186319,0.33115248579049905
2023-02-12,590,148623,0.39697758758738555
2023-02-13,440,119129,0.36934751403940264
2023-02-14,686,142998,0.47972698918866
2023-02-15,576,135854,0.42398457167253084
2023-02-16,1123,153186,0.7330957137075189
2023-02-17,1604,182805,0.8774377068460928
2023-02-18,1227,185111,0.6628455359216902
2023-02-19,1564,152327,1.0267385296106402
2023-02-20,1298,98022,1.3241925282079534
2023-02-21,1657,134094,1.2357003296195206
2023-02-22,2288,141082,1.6217518889723708
2023-02-23,2081,147337,1.4124082884815083
2023-02-24,4178,188323,2.2185288042352767
2023-02-25,3237,196035,1.651235748718341
2023-02-26,2888,146406,1.9725967514992555
2023-02-27,2569,126327,2.0336111836741155
2023-02-28,2732,140773,1.9407130628742726
2023-03-01,2605,144504,1.8027182638542878
2023-03-02,2442,149623,1.6321020164012219
2023-03-03,3668,164005,2.236517179354288
2023-03-04,4484,172861,2.5939917043173417
2023-03-05,3188,151741,2.1009483264246316
2023-03-06,2341,133453,1.7541756273744313
2023-03-07,2628,145642,1.8044245478639402
2023-03-08,2662,149392,1.781889257791582
2023-03-09,2641,150959,1.7494816473347066
2023-03-10,4016,183077,2.193612523692217
2023-03-11,3465,198037,1.7496730408963983
2023-03-12,2898,152427,1.901237969651046
2023-03-13,2201,125231,1.757552043823015
2023-03-14,2470,138889,1.7783985772811384
2023-03-15,2288,142235,1.608605476851689
2023-03-16,2132,148822,1.4325838921664809
2023-03-17,2813,197467,1.424541822177883
2023-03-18,3052,219872,1.388080337650997
2023-03-19,2391,153958,1.5530209537666115
2023-03-20,1759,125076,1.4063449422750967
2023-03-21,1811,132361,1.3682278012405467
2023-03-22,1970,139866,1.4084909842277609
2023-03-23,2175,154283,1.4097470233272622
2023-03-24,2185,176158,1.2403637643479148
2023-03-25,2866,208117,1.3771099910146696
2023-03-26,1990,148713,1.3381479763033495
2023-03-27,1612,125240,1.2871287128712872
2023-03-28,1724,137513,1.253699650214889
2023-03-29,2059,155999,1.3198802556426643
2023-03-30,2059,160119,1.2859185980427057
2023-03-31,3036,196035,1.5487030377228557
2023-04-01,3469,215023,1.613315784823019
2023-04-02,2703,160705,1.6819638468000373
2023-04-03,1896,123889,1.530402214885906
2023-04-04,1989,138317,1.438001113384472
2023-04-05,3260,165881,1.9652642557013762
2023-04-06,2818,173351,1.6256035442541432
2023-04-07,1818,150669,1.2066184815721879
2023-04-08,2258,172891,1.3060251834971166
2023-04-09,2088,136013,1.535147375618507
2023-04-10,1645,114442,1.437409342723825
2023-04-11,1853,135719,1.3653209941128361
2023-04-12,2228,147712,1.5083405545927209
2023-04-13,2229,155786,1.4308089301991194
2023-04-14,3190,185791,1.7169830616122417
2023-04-15,3193,204303,1.5628747497589364
2023-04-16,3280,161405,2.032155137697097
2023-04-17,2645,136254,1.9412274135071264
2023-04-18,2727,147588,1.847711196032198
2023-04-19,2861,150496,1.9010472039123965
2023-04-20,2939,165890,1.7716559165712218
2023-04-21,4178,183119,2.281576461208285
2023-04-22,4336,205418,2.1108179419525066
2023-04-23,3416,155508,2.1966715538750416
2023-04-24,2452,135737,1.806434502014926
2023-04-25,2754,149573,1.8412414005201474
2023-04-26,2603,152582,1.7059679385510742
2023-04-27,3102,171612,1.807565904482204
2023-04-28,4021,210362,1.911466899915384
2023-04-29,4033,222961,1.808836522979355
2023-04-30,3672,170159,2.157981652454469
2023-05-01,2649,139826,1.8944974468267706
2023-05-02,2841,151671,1.8731332950926678
2023-05-03,2970,157918,1.8807229068250613
2023-05-04,3005,162537,1.8488098094587693
2023-05-05,3542,187209,1.892003055408661
2023-05-06,4113,207072,1.9862656467315716
2023-05-07,4026,169141,2.380262621126752
2023-05-08,2564,127964,2.003688537401144
2023-05-09,2749,139487,1.9707929771233164
2023-05-10,2805,148502,1.88886344965051
2023-05-11,2897,163355,1.773438217379327
2023-05-12,3787,194168,1.9503728729759795
2023-05-13,4253,216450,1.964887964887965
2023-05-14,3556,161669,2.1995558826986
2023-05-15,2852,134073,2.1271993615418467
2023-05-16,2857,147006,1.9434580901459806
2023-05-17,3141,157409,1.9954386343855817
2023-05-18,3403,164412,2.0698002578887187
2023-05-19,3856,186814,2.0640851328058925
2023-05-20,3875,198016,1.9569125727213963
2023-05-21,3536,172568,2.0490473320661997
2023-05-22,2200,114871,1.9151918238719954
2023-05-23,2949,140417,2.1001730559690066
2023-05-24,2761,148380,1.8607629060520288
2023-05-25,3067,163062,1.8808796654033435
2023-05-26,3190,189155,1.686447622320319
2023-05-27,3497,214843,1.6277002276080674
2023-05-28,3417,170965,1.9986546954054922
2023-05-29,2545,135660,1.876013563320065
2023-05-30,2743,148727,1.8443187854256458
2023-05-31,3076,161479,1.904891657738777
2023-06-01,3282,177144,1.8527299823872103
2023-06-02,3606,199333,1.809033125473454
2023-06-03,3577,213757,1.6733954911418107
2023-06-04,3319,164136,2.0221036213871426
2023-06-05,2349,135091,1.7388279011925294
2023-06-06,2490,143762,1.732029326247548
2023-06-07,2918,156946,1.8592382093204032
2023-06-08,3188,174374,1.8282542122105359
2023-06-09,3985,202004,1.972733213203699
2023-06-10,3915,224293,1.745484700815451
2023-06-11,4147,182054,2.2778955694464282
2023-06-12,4512,163298,2.7630466998983456
2023-06-13,3317,158923,2.087174291952707
2023-06-14,3030,165791,1.8276022220747807
2023-06-15,3433,180460,1.902360633935498
2023-06-16,3696,199567,1.852009600785701
2023-06-17,3897,218456,1.783883253378255
2023-06-18,3743,172453,2.1704464404794352
2023-06-19,2782,137586,2.0220080531449423
2023-06-20,2910,150985,1.9273437758717753
2023-06-21,3114,161741,1.9253003258295671
2023-06-22,3351,176033,1.9036203439127892
2023-06-23,4626,212119,2.1808513145922808
2023-06-24,4102,229461,1.78766762107722
2023-06-25,4009,187782,2.13492241002865
2023-06-26,3339,159485,2.093613819481456
2023-06-27,3555,166121,2.1400063808910375
2023-06-28,3711,163535,2.2692390008255114
2023-06-29,3539,170986,2.069760097317909
2023-06-30,3917,191724,2.0430410381590205
2023-07-01,3180,185619,1.7131866888626703
2023-07-02,3377,167981,2.01034640822474
2023-07-03,2447,126832,1.929323829948278
2023-07-04,2818,141614,1.9899162512181001
2023-07-05,3036,152539,1.9903106746471395
2023-07-06,3727,169442,2.199572715147366
2023-07-07,3656,194834,1.8764691994210456
2023-07-08,4015,223495,1.7964607709344729
2023-07-09,3697,181171,2.0406135639809904
2023-07-10,3035,143414,2.1162508541704437
2023-07-11,3215,148188,2.1695413933651846
2023-07-12,2998,150393,1.9934438437959212
2023-07-13,3556,166281,2.1385486014637873
2023-07-14,3923,191476,2.0488207399360756
2023-07-15,4606,222376,2.071266683455049
2023-07-16,4251,175921,2.4164255546523723
2023-07-17,2835,138320,2.049595141700405
2023-07-18,3048,145913,2.088915997889153
2023-07-19,3298,157172,2.098338126383834
2023-07-20,5506,182057,3.024327545768633
2023-07-21,5378,189534,2.837485622632351
2023-07-22,6377,213381,2.9885509956369125
2023-07-23,5786,171478,3.3741937741284596
2023-07-24,4812,141783,3.393918876028861
2023-07-25,4964,151833,3.2693814915071164
2023-07-26,5707,166968,3.418020219443246
2023-07-27,5222,171654,3.0421662180898785
2023-07-28,6105,198962,3.0684251264060474
2023-07-29,7223,221500,3.2609480812641083
2023-07-30,6341,178306,3.556246004060436
2023-07-31,4928,144756,3.4043493879355604
2023-08-01,4964,151503,3.2765027755225966
2023-08-02,5091,154445,3.296319077988928
2023-08-03,6338,180414,3.5130311394902836
2023-08-04,6747,202605,3.3301251203079882
2023-08-05,7334,215998,3.395401809276012
2023-08-06,6972,192073,3.6298698932176827
2023-08-07,4257,131428,3.239035821894878
2023-08-08,4760,146626,3.246354671067887
2023-08-09,4720,151549,3.1145042197573063
2023-08-10,5391,163874,3.289722591747318
2023-08-11,6010,190077,3.1618765026804927
2023-08-12,6012,208136,2.8884959833954724
2023-08-13,5348,168057,3.182253640134002
2023-08-14,4295,136738,3.1410434553671984
2023-08-15,4832,154067,3.1362978444443
2023-08-16,4767,159190,2.994534832589987
2023-08-17,5624,174640,3.2203389830508473
2023-08-18,5948,196422,3.028174033458574
2023-08-19,6361,217135,2.9295138968844268
2023-08-20,6268,179191,3.49794353511058
2023-08-21,4204,139737,3.0085088416095953
2023-08-22,4067,145827,2.7889211188600194
2023-08-23,4824,156151,3.0893173914992538
2023-08-24,5083,170750,2.976866764275256
2023-08-25,5365,194276,2.7615351355803086
2023-08-26,5826,214697,2.713591712972235
2023-08-27,5279,175300,3.0114090131203652
2023-08-28,4061,142203,2.8557766010562364
2023-08-29,4857,154669,3.1402543496111055
2023-08-30,4794,160563,2.985743913604006
2023-08-31,5162,173034,2.9832287296138333
2023-09-01,5667,193789,2.924314589579388
2023-09-02,5162,195768,2.63679457316824
2023-09-03,5641,184459,3.0581321594500674
2023-09-04,3807,136634,2.7862757439583117
2023-09-05,5041,154756,3.2573858202589885
2023-09-06,5089,162830,3.1253454523122275
2023-09-07,5391,177237,3.041689940588026
2023-09-08,5545,199729,2.776261834786135
2023-09-09,5550,212953,2.606208881772034
2023-09-10,5281,175645,3.006632696632412
2023-09-11,4547,151427,3.0027670098463286
2023-09-12,5615,165910,3.3843650171779878
2023-09-13,4935,163693,3.014789881057834
2023-09-14,5148,179545,2.8672477651842154
2023-09-15,6178,210767,2.931198906849744
2023-09-16,6712,228663,2.9353240358081543
2023-09-17,5692,182196,3.1241081033612157
2023-09-18,4722,153399,3.0782469246866015
2023-09-19,4671,161794,2.8870044624646156
2023-09-20,5308,168806,3.144437993910169
2023-09-21,5291,180676,2.9284465009187715
2023-09-22,6139,207385,2.960194806760373
2023-09-23,5955,222580,2.675442537514601
2023-09-24,5555,177973,3.1212599663993976
2023-09-25,4118,142588,2.888041069374702
2023-09-26,4663,158620,2.9397301727398815
2023-09-27,4839,166868,2.8998969245151858
2023-09-28,5373,182638,2.941885040353048
2023-09-29,6873,212011,3.241812924801071
2023-09-30,7484,230266,3.250154169525679
2023-10-01,6762,184279,3.6694360182115164
2023-10-02,4610,145479,3.168842238398669
2023-10-03,5697,161391,3.529936613565812
2023-10-04,5117,167196,3.060479915787459
2023-10-05,6286,189939,3.3094835710412287
2023-10-06,6588,206220,3.194646494035496
2023-10-07,6795,215609,3.1515382010955015
2023-10-08,7231,192744,3.7516083509733114
2023-10-09,4539,124137,3.656444089997342
2023-10-10,5651,162425,3.47914422040942
2023-10-11,5079,164497,3.087594302631659
2023-10-12,5686,178098,3.192624285505733
2023-10-13,6612,206065,3.208696285152743
2023-10-14,6641,221797,2.994179362209588
2023-10-15,5778,175638,3.2897209032213985
2023-10-16,5054,152289,3.318690122070537
2023-10-17,5338,161607,3.3030747430494967
2023-10-18,5289,167222,3.1628613459951445
2023-10-19,5653,182299,3.100949538944262
2023-10-20,7414,219030,3.3849244395744873
2023-10-21,7472,230665,3.239329763943381
2023-10-22,6652,185697,3.582179572098634
2023-10-23,4759,150362,3.165028398132507
2023-10-24,4956,160806,3.0819745531883136
2023-10-25,5363,174191,3.0788043010258854
2023-10-26,5998,194190,3.0887275348885113
2023-10-27,6398,224933,2.844402555427616
2023-10-28,8642,274108,3.152771900126957
2023-10-29,7153,211444,3.382928813302813
2023-10-30,5621,155207,3.6216150044778903
2023-10-31,6311,176843,3.5687021821615783
2023-11-01,6709,181693,3.6924922809354244
2023-11-02,5858,179358,3.2660935113014196
2023-11-03,6317,201637,3.1328575608643257
2023-11-04,8300,225172,3.686071092320537
2023-11-05,6047,176926,3.417813097001006
2023-11-06,5228,152886,3.4195413576128617
2023-11-07,5053,159077,3.1764491409820397
2023-11-08,6963,183159,3.801614990254369
2023-11-09,5591,177552,3.1489366495449223
2023-11-10,6786,206888,3.2800355748037586
2023-11-11,6804,223761,3.040744365640125
2023-11-12,6962,179010,3.889168202893693
2023-11-13,5125,145854,3.5137877603631025
2023-11-14,5594,156081,3.5840364938717713
2023-11-15,5835,167281,3.488142705985737
2023-11-16,6836,181682,3.7626182010325735
2023-11-17,7948,211767,3.7531815627552922
2023-11-18,8606,231089,3.724106296708195
2023-11-19,7748,179311,4.320984211788457
2023-11-20,5847,153681,3.804634274894099
2023-11-21,7734,182096,4.247210262718566
2023-11-22,6182,169653,3.6439084484211888
2023-11-23,6968,186657,3.7330504615417586
2023-11-24,8538,222617,3.8352866133314163
2023-11-25,7782,230154,3.3812143173701084
2023-11-26,7227,177823,4.064153680907419
2023-11-27,5513,155518,3.544927275299322
2023-11-28,5865,168572,3.4792254941508673
2023-11-29,6359,181818,3.4974534974534977
2023-11-30,6870,196384,3.4982483298028355
2023-12-01,8578,237974,3.6045954600082366
2023-12-02,8085,235520,3.432829483695652
2023-12-03,7121,177167,4.0193715533931265
2023-12-04,5463,150616,3.627104690072768
2023-12-05,5979,166182,3.597862584395422
2023-12-06,6847,181126,3.7802413789295852
2023-12-07,7649,200452,3.81587611996887
2023-12-08,8086,228687,3.535837192319633
2023-12-09,9803,252535,3.8818381610469834
2023-12-10,7552,179078,4.217156769675784
2023-12-11,5666,155663,3.639914430532625
2023-12-12,6417,172585,3.7181678593156997
2023-12-13,6862,192081,3.572451205481021
2023-12-14,7833,211383,3.7055960034629085
2023-12-15,8585,236329,3.6326477072217123
2023-12-16,8637,248061,3.4818048786387217
2023-12-17,8020,196008,4.091669727766214
2023-12-18,6335,163262,3.8802660753880267
2023-12-19,6547,178373,3.6703985468652762
2023-12-20,6160,186764,3.29828018247628
2023-12-21,7297,204263,3.572355247891199
2023-12-22,8390,226255,3.7082053435283195
2023-12-23,7602,213034,3.568444473652093
2023-12-24,6734,172005,3.915002470858405
2023-12-25,4424,120959,3.657437644160418
2023-12-26,3430,119642,2.8668862105280755
2023-12-27,4164,143927,2.8931333245325757
2023-12-28,3791,148232,2.5574774677532517
2023-12-29,5000,179613,2.783762867943857
2023-12-30,4888,178306,2.741354749699954
2023-12-31,6667,226688,2.9410467250141163
2024-01-01,8264,193724,4.2658627738432
2024-01-02,4005,123108,3.2532410566332
2024-01-03,3996,126640,3.1554011370814905
2024-01-04,4647,140648,3.3039929469313467
2024-01-05,5061,163931,3.0872745240375523
2024-01-06,5337,181482,2.9407875161173007
2024-01-07,5160,145385,3.5491969597964026
2024-01-08,4516,134175,3.365753679895658
2024-01-09,6435,165650,3.88469664956233
2024-01-10,5261,155297,3.3877022737077986
2024-01-11,5613,167284,3.355371703211305
2024-01-12,7203,199765,3.605736740670287
2024-01-13,6646,207803,3.1982213923764333
2024-01-14,6440,172660,3.729873740298853
2024-01-15,6646,164921,4.029808211204152
2024-01-16,6811,169468,4.019047843840725
2024-01-17,7179,182952,3.9239800603436965
2024-01-18,6761,187694,3.602139652839196
2024-01-19,7954,222383,3.5767122486880742
2024-01-20,8379,232708,3.6006497413067016
2024-01-21,7007,177088,3.9567898445970364
2024-01-22,6201,155741,3.9816104943463824
2024-01-23,6798,167676,4.054247477277607
2024-01-24,7548,179831,4.197274107356351
2024-01-25,7042,182370,3.861380709546526
2024-01-26,8337,214266,3.8909579681330677
2024-01-27,7513,216390,3.4719719025832987
2024-01-28,6474,168157,3.8499735366354066
2024-01-29,5461,148475,3.678060279508335
2024-01-30,6490,162589,3.991659952395304
2024-01-31,6509,175779,3.7029451754760236
2024-02-01,6570,182786,3.5943671834823236
2024-02-02,7142,207291,3.445398015350401
2024-02-03,6874,215945,3.183217949014795
2024-02-04,6473,165263,3.9167871816438042
2024-02-05,5257,146548,3.587220569369763
2024-02-06,5944,158731,3.744700153089189
2024-02-07,6025,164847,3.6549042445419087
2024-02-08,6066,176361,3.439535951826084
2024-02-09,7058,205558,3.4335807898500668
2024-02-10,7046,220232,3.1993534091321876
2024-02-11,6958,178549,3.896969459364096
2024-02-12,5350,152748,3.502500851074973
2024-02-13,6239,169975,3.6705397852625388
2024-02-14,7730,195477,3.95442942136415
2024-02-15,9323,198103,4.706137716238523
2024-02-16,7764,218863,3.5474246446407114
2024-02-17,7582,226490,3.3476091659675924
2024-02-18,7246,192164,3.770737495056306
2024-02-19,4173,123237,3.3861583777599265
2024-02-20,5974,167390,3.5689109265786487
2024-02-21,5869,170084,3.4506479151478096
2024-02-22,6345,180467,3.5158782492089964
2024-02-23,7610,217133,3.504764361013757
2024-02-24,7569,235319,3.216484856726401
2024-02-25,6394,175643,3.640338641448848
2024-02-26,4615,149910,3.0785137749316256
2024-02-27,6281,175565,3.5775923447156326
2024-02-28,6519,185674,3.510992384501869
2024-02-29,7037,202191,3.480372519053766
2024-03-01,6761,215666,3.1349401389185125
2024-03-02,6269,220088,2.848406092108611
2024-03-03,5730,176095,3.253925437973821
2024-03-04,4836,160005,3.022405549826568
2024-03-05,5287,174796,3.024668756722122
2024-03-06,5825,180140,3.2335960919285
2024-03-07,5656,182364,3.101489329034239
2024-03-08,6903,214940,3.2115939331906582
2024-03-09,7256,227435,3.1903620814738276
2024-03-10,7011,182380,3.8441715100339953
2024-03-11,4686,147002,3.1877117318131725
2024-03-12,4946,154615,3.198913430132911
2024-03-13,5036,164931,3.053398087685153
2024-03-14,7061,193968,3.640291182050648
2024-03-15,6229,207729,2.998618392232187
2024-03-16,7080,235464,3.006829069411885
2024-03-17,6372,190027,3.3532077020633912
2024-03-18,5073,160185,3.166963198801386
2024-03-19,6609,177380,3.725899199458789
2024-03-20,6759,188725,3.581401510133793
2024-03-21,7024,200219,3.5081585663698247
2024-03-22,10523,231729,4.541080313642229
2024-03-23,7920,236086,3.3547097244224564
2024-03-24,6325,182144,3.4725272312016866
2024-03-25,5270,159135,3.311653627423257
2024-03-26,5876,175084,3.356103356103356
2024-03-27,6018,181475,3.31615925058548
2024-03-28,7838,221332,3.541286393291526
2024-03-29,5221,182784,2.856376925770308
2024-03-30,6448,215642,2.9901410671390547
2024-03-31,5845,170542,3.4273082290579446
2024-04-01,4436,141783,3.1287248823906952
2024-04-02,6476,177262,3.6533492795974323
2024-04-03,8589,212321,4.045289914798818
2024-04-04,6222,198109,3.1406952738139107
2024-04-05,6778,224832,3.0146954170224878
2024-04-06,6324,231380,2.733166220070879
2024-04-07,5958,181127,3.289404671860076
2024-04-08,4450,156835,2.837376861032295
2024-04-09,5648,174148,3.2432184119254885
2024-04-10,6509,180181,3.6124785632225374
2024-04-11,8975,215982,4.155438879165856
2024-04-12,8291,236341,3.5080667340833793
2024-04-13,8390,244460,3.4320543238157573
2024-04-14,7433,188286,3.947717833508599
2024-04-15,5048,160008,3.1548422578871054
2024-04-16,5263,172542,3.0502718178762276
2024-04-17,7562,207650,3.6417047917168315
2024-04-18,5935,195445,3.0366599299035535
2024-04-19,7158,228176,3.1370521001332308
2024-04-20,7840,249318,3.1445784099022136
2024-04-21,6766,187790,3.602960754033761
2024-04-22,4956,163272,3.0354255475525505
2024-04-23,4860,169640,2.864890356048102
2024-04-24,5066,183236,2.7647405531664084
2024-04-25,6194,199203,3.109390922827467
2024-04-26,7748,237799,3.2582138696966765
2024-04-27,7660,253595,3.0205642855734536
2024-04-28,6446,192899,3.3416451096169495
2024-04-29,5235,167511,3.1251678994215304
2024-04-30,5724,185537,3.085098929054582
2024-05-01,5991,188180,3.1836539483473274
2024-05-02,5771,193706,2.9792572248665503
2024-05-03,6931,226846,3.055376775433554
2024-05-04,7042,239928,2.9350471808209133
2024-05-05,7534,198008,3.8048967718476017
2024-05-06,4930,157674,3.1267044661770487
2024-05-07,5192,166506,3.118205950536317
2024-05-08,5813,180163,3.226522648934576
2024-05-09,5722,187050,3.0590751136059877
2024-05-10,6060,218280,2.7762506871907644
2024-05-11,7909,248930,3.177198409191339
2024-05-12,6502,186337,3.4893767743389668
2024-05-13,6355,168193,3.7783974362785613
2024-05-14,5370,171256,3.135656560938011
2024-05-15,5457,180299,3.02663908285681
2024-05-16,5874,193751,3.0317262878643207
2024-05-17,6828,223589,3.053817495493964
2024-05-18,6568,229599,2.8606396369322167
2024-05-19,6577,205981,3.193012947796156
2024-05-20,4371,146902,2.975453023103838
2024-05-21,5542,172192,3.218500278758595
2024-05-22,5403,176883,3.054561489798341
2024-05-23,5964,195599,3.049095343023226
2024-05-24,6795,223914,3.0346472306331895
2024-05-25,8150,251871,3.23578339705643
2024-05-26,6833,199902,3.4181749057037947
2024-05-27,6027,177899,3.3878773911039413
2024-05-28,5652,179337,3.1516084243630704
2024-05-29,5217,181828,2.869195063466573
2024-05-30,5917,197458,2.996586615887936
2024-05-31,7330,232701,3.149964976514927
2024-06-01,8138,260458,3.1244960799821855
2024-06-02,7254,202125,3.58886827458256
2024-06-03,4863,166818,2.915153041038737
2024-06-04,5072,176812,2.8685835802999793
2024-06-05,5529,189990,2.9101531659561033
2024-06-06,5713,206307,2.7691740949167984
2024-06-07,7061,235441,2.999052841263841
2024-06-08,7007,255538,2.742057932675375
2024-06-09,6845,202405,3.3818334527309104
2024-06-10,5015,168989,2.9676487818733763
2024-06-11,5132,177786,2.886616493987153
2024-06-12,5394,189968,2.839425587467363
2024-06-13,6072,208566,2.9113086504991226
2024-06-14,6974,237230,2.939763099102137
2024-06-15,7500,253924,2.953639671712796
2024-06-16,7703,204401,3.768572560799605
2024-06-17,5920,179120,3.3050468959356856
2024-06-18,6538,200542,3.2601649529774313
2024-06-19,6849,216752,3.159832435225511
2024-06-20,7485,235414,3.1795050421810087
2024-06-21,7070,242909,2.9105549814951277
2024-06-22,7904,263125,3.003895486935867
2024-06-23,7137,212836,3.353286098216467
2024-06-24,5070,185468,2.733625207582979
2024-06-25,5394,196728,2.7418567768695867
2024-06-26,6191,208975,2.9625553295848785
2024-06-27,5674,215414,2.633997790301466
2024-06-28,6526,242315,2.6931886181210407
2024-06-29,6659,244613,2.722259242149845
2024-06-30,6444,224464,2.870838976406016
2024-07-01,4728,162493,2.9096638009021927
2024-07-02,4990,168889,2.9546033193399217
2024-07-03,4473,172709,2.5899055636938435
2024-07-04,5178,188245,2.7506706685436533
2024-07-05,6342,219987,2.8828976257687953
2024-07-06,6836,240584,2.8414192132477636
2024-07-07,6640,202967,3.27146777554972
2024-07-08,4593,161637,2.841552367341636
2024-07-09,4834,174532,2.769692663809502
2024-07-10,7714,207081,3.7251123956326264
2024-07-11,5507,196662,2.8002359378019137
2024-07-12,6942,234510,2.960214916208264
2024-07-13,7417,253690,2.9236469707122863
2024-07-14,7572,213789,3.5418099153838596
2024-07-15,6510,188671,3.450450784699292
2024-07-16,7637,198016,3.856759049773756
2024-07-17,5541,188795,2.934929420800339
2024-07-18,5981,200286,2.986229691541096
2024-07-19,6835,224750,3.0411568409343714
2024-07-20,7261,249564,2.909474122870286
2024-07-21,6662,200640,3.3203748006379583
2024-07-22,5013,163934,3.0579379506386717
2024-07-23,5243,178707,2.9338526190915855
2024-07-24,5878,197406,2.97761972787048
2024-07-25,5675,206573,2.747212849694781
2024-07-26,6587,230896,2.8527995287921835
2024-07-27,7730,259343,2.980608691963924
2024-07-28,7073,211677,3.341411679114878
2024-07-29,4977,168409,2.9553052390311683
2024-07-30,5781,180134,3.209277537832947
2024-07-31,6003,202053,2.971002657718519
2024-08-01,6694,216346,3.094117755817071
2024-08-02,6942,246726,2.813647528027042
2024-08-03,7038,255557,2.7539844340010253
2024-08-04,6770,230335,2.9391972561703605
2024-08-05,5266,169711,3.1029220262681854
2024-08-06,5639,179446,3.1424495391371217
2024-08-07,5096,182814,2.7875326834925116
2024-08-08,5383,197038,2.731960332524691
2024-08-09,6960,235676,2.9532069451280574
2024-08-10,6252,242719,2.57581812713467
2024-08-11,5838,197711,2.9527947357506665
2024-08-12,4698,171875,2.733381818181818
2024-08-13,4928,180679,2.727489082848588
2024-08-14,5229,191866,2.725339559901181
2024-08-15,5684,212021,2.680866517939261
2024-08-16,6816,243996,2.7934884178429154
2024-08-17,7396,255515,2.894546308435904
2024-08-18,6299,208110,3.0267646917495554
2024-08-19,4960,178035,2.785969051029292
2024-08-20,4893,188002,2.60263188689482
2024-08-21,4715,190973,2.4689353992449194
2024-08-22,4913,205588,2.3897309181469737
2024-08-23,5745,230499,2.492418622206604
2024-08-24,6131,247309,2.479084869535682
2024-08-25,6202,209385,2.9620077847028203
2024-08-26,4528,174094,2.600893770032281
2024-08-27,4793,185429,2.5848168301614094
2024-08-28,5146,192789,2.669239427560701
2024-08-29,5175,201396,2.5695644402073525
2024-08-30,6256,236262,2.6479078311366195
2024-08-31,6243,247215,2.525332200715976
2024-09-01,6370,227301,2.802451375048944
2024-09-02,3838,157750,2.432963549920761
2024-09-03,6361,182775,3.4802352619340717
2024-09-04,6025,183034,3.2917381470109377
2024-09-05,6517,201612,3.2324464813602365
2024-09-06,7783,239930,3.243862793314717
2024-09-07,8021,259789,3.0875056295686116
2024-09-08,6894,205889,3.3484061800290448
2024-09-09,5993,185867,3.224348593349008
2024-09-10,6074,197091,3.0818251467596185
2024-09-11,6158,200625,3.0694080996884736
2024-09-12,6486,212980,3.0453563714902807
2024-09-13,7077,238886,2.9625009418718555
2024-09-14,7951,264368,3.007550081704291
2024-09-15,7351,212789,3.454595867267575
2024-09-16,5014,173366,2.8921472491722713
2024-09-17,5876,185908,3.1607031434903288
2024-09-18,5852,196375,2.9800127307447486
2024-09-19,6077,215260,2.823097649354269
2024-09-20,6778,247549,2.7380437812311906
2024-09-21,7789,271361,2.8703461440663913
2024-09-22,6266,204383,3.065812714364698
2024-09-23,5490,187097,2.9343068034228237
2024-09-24,5850,204064,2.866747687000157
2024-09-25,5428,200638,2.7053698701143354
2024-09-26,5297,214362,2.4710536382381205
2024-09-27,6890,248950,2.7676240208877285
2024-09-28,7457,263365,2.8314316632809975
2024-09-29,6312,205941,3.0649554969627224
2024-09-30,4881,173039,2.8207513913048503
2024-10-01,5407,197706,2.7348689468200256
2024-10-02,5408,193424,2.7959301844652162
2024-10-03,5239,202511,2.5870199643476157
2024-10-04,6113,240496,2.541830217550396
2024-10-05,6651,256847,2.5894793398404494
2024-10-06,6022,204474,2.945117716677915
2024-10-07,4505,174791,2.5773638230801357
2024-10-08,4959,191966,2.583269954054364
2024-10-09,4964,202937,2.4460793251107487
2024-10-10,5389,219376,2.456513018744074
2024-10-11,5726,236555,2.4205787237640295
2024-10-12,5953,238308,2.498027762391527
2024-10-13,6013,211522,2.842730307012982
2024-10-14,3598,148116,2.429177131437522
2024-10-15,4888,202487,2.413982132186264
2024-10-16,4314,205448,2.09980140960243
2024-10-17,5181,218423,2.372002948407448
2024-10-18,5749,251269,2.28798618213946
2024-10-19,5745,262912,2.1851417964946447
2024-10-20,5677,207448,2.7365894103582584
2024-10-21,3955,181485,2.179243463647133
2024-10-22,4579,191120,2.395876935956467
2024-10-23,5112,205672,2.485510910576063
2024-10-24,4665,220997,2.110888383100223
2024-10-25,5983,253426,2.360846953351274
2024-10-26,7516,285516,2.6324269042715644
2024-10-27,6882,226464,3.03889359898262
2024-10-28,5713,184484,3.096745517226426
2024-10-29,6173,199956,3.0871791794194725
2024-10-30,6082,199752,3.0447755216468417
2024-10-31,7689,237314,3.2400111245017147
2024-11-01,8779,276375,3.176481230212574
2024-11-02,7249,269649,2.6883096173173273
2024-11-03,6291,207625,3.02998193859121
2024-11-04,4759,174008,2.7349317272769067
2024-11-05,5056,187113,2.7021104893834207
2024-11-06,5286,198741,2.6597430827056323
2024-11-07,5847,216554,2.700019394700629
2024-11-08,6463,248774,2.597940299227411
2024-11-09,4783,259890,1.840394012851591
2024-11-10,5968,210967,2.828878450184152
2024-11-11,4665,177408,2.6295319264069263
2024-11-12,5320,194644,2.7331949610571096
2024-11-13,5898,207557,2.8416290464787988
2024-11-14,6095,227879,2.6746650634766698
2024-11-15,6789,254153,2.671225600327362
2024-11-16,6407,264954,2.41815560436906
2024-11-17,5975,206778,2.8895723916470804
2024-11-18,4267,177392,2.405407233697123
2024-11-19,4411,197220,2.236588581279789
2024-11-20,5982,224420,2.665537830852865
2024-11-21,5793,231873,2.4983503900842274
2024-11-22,6907,263358,2.622665724982723
2024-11-23,6553,268867,2.4372645211201074
2024-11-24,6216,206917,3.004103094477496
2024-11-25,4942,182250,2.7116598079561043
2024-11-26,5012,199108,2.5172268316692445
2024-11-27,5514,209247,2.63516322814664
2024-11-28,6343,232244,2.7311792769673273
2024-11-29,8620,278738,3.0925098120815964
2024-11-30,9346,293748,3.1816386834974195
2024-12-01,8071,223552,3.610345691382766
2024-12-02,5622,192454,2.92121753769732
2024-12-03,5164,208595,2.4756106330448957
2024-12-04,7284,239733,3.038380197970242
2024-12-05,7861,253908,3.0960032767774157
2024-12-06,9259,286109,3.2361792184097666
2024-12-07,9740,299206,3.2552823138573426
2024-12-08,7243,210587,3.439433583269622
2024-12-09,5785,197967,2.9222042057514637
2024-12-10,5462,216590,2.521815411607184
2024-12-11,6395,229615,2.7850967924569385
2024-12-12,7986,271629,2.940039539224457
2024-12-13,9403,300701,3.1270265147106264
2024-12-14,9974,306676,3.2522923215380404
2024-12-15,8361,233193,3.5854421016068234
2024-12-16,5678,203936,2.7842068099796013
2024-12-17,5291,214650,2.4649429303517354
2024-12-18,6261,229353,2.7298531085270303
2024-12-19,6586,251466,2.6190419380751275
2024-12-20,9814,297698,3.296629470134163
2024-12-21,9909,298189,3.323060206781605
2024-12-22,8868,239986,3.695215554240664
2024-12-23,7491,217456,3.444834817158414
2024-12-24,6267,209725,2.9881988318035524
2024-12-25,4570,153716,2.9730151708345263
2024-12-26,3565,153715,2.31922714113782
2024-12-27,5109,193695,2.6376519786261907
2024-12-28,5222,201901,2.5864161148285545
2024-12-29,6793,199091,3.4120075744257647
2024-12-30,3792,171416,2.21216222522985
2024-12-31,6544,260122,2.515742613081554
2025-01-01,7398,223907,3.304050342329628
2025-01-02,3348,158260,2.115506129154556
2025-01-03,4598,191189,2.404950075579662
2025-01-04,5075,202363,2.5078695216022693
2025-01-05,5278,167723,3.1468552315424834
2025-01-06,4031,179909,2.2405771806857913
2025-01-07,4954,187479,2.6424292854132996
2025-01-08,5054,197276,2.5618929824205683
2025-01-09,4490,205742,2.1823448785371973
2025-01-10,6396,233444,2.739843388564281
2025-01-11,6680,233615,2.8594054320142117
2025-01-12,5808,184652,3.1453761670601996
2025-01-13,5559,188707,2.9458366674262217
2025-01-14,6177,207042,2.983452632799142
2025-01-15,6135,216790,2.82992757968541
2025-01-16,6086,229228,2.6549985167606054
2025-01-17,6746,246140,2.7407166653124237
2025-01-18,7946,261853,3.0345270056100175
2025-01-19,7505,202215,3.711396286131098
2025-01-20,7309,213153,3.42899232007056
2025-01-21,7792,231622,3.3641018556095705
2025-01-22,9132,242769,3.7616005338408116
2025-01-23,8129,240379,3.3817429975164224
2025-01-24,8509,258241,3.2949841427193975
2025-01-25,8496,260143,3.2658960648566366
2025-01-26,7764,205833,3.771989914153707
2025-01-27,7114,201105,3.5374555580418185
2025-01-28,7905,223832,3.5316666070981806
2025-01-29,8041,229780,3.4994342414483417
2025-01-30,7329,230855,3.1747200623768164
2025-01-31,7790,264427,2.945992655818052
2025-02-01,8764,276453,3.1701591228888817
2025-02-02,7276,208482,3.4899895434617854
2025-02-03,5955,193083,3.084165876850888
2025-02-04,6319,212552,2.972919567917498
2025-02-05,5964,219075,2.7223553577541937
2025-02-06,6117,228463,2.6774576189579933
2025-02-07,8424,262292,3.2116877373309136
2025-02-08,9186,259690,3.5372944664792634
2025-02-09,9156,215467,4.249374614210065
2025-02-10,6625,200800,3.2993027888446216
2025-02-11,6972,216931,3.213925165144677
2025-02-12,9062,229364,3.950925166983485
2025-02-13,8190,215964,3.7922987164527426
2025-02-14,11086,299188,3.705362514539353
2025-02-15,9862,267803,3.6825577009966284
2025-02-16,11632,195939,5.936541474642619
2025-02-17,6426,174122,3.690515845211978
2025-02-18,10646,240938,4.41856411192921
2025-02-19,9516,240191,3.9618470300719006
2025-02-20,9054,259133,3.4939587007444053
2025-02-21,11254,282554,3.982955470458744
2025-02-22,10059,279215,3.6026001468402487
2025-02-23,8604,212106,4.0564623348703
2025-02-24,6737,197544,3.4103794597659256
2025-02-25,7632,212721,3.5877981017388976
2025-02-26,7604,220524,3.4481507681703576
2025-02-27,8662,239735,3.6131561932967653
2025-02-28,9993,275087,3.632668937463421
2025-03-01,10850,293682,3.6944722523001072
2025-03-02,9556,235251,4.062044369630735
2025-03-03,6978,209900,3.3244402096236305
2025-03-04,7172,219906,3.2613935044973763
2025-03-05,9867,236318,4.175306155265362
2025-03-06,9806,242762,4.039347179542103
2025-03-07,10279,258801,3.9717775433634332
2025-03-08,10700,272794,3.9223736592447045
2025-03-09,9554,206441,4.627956655896842
2025-03-10,6840,183752,3.722408463581349
2025-03-11,7283,194906,3.736673062912378
2025-03-12,8113,207059,3.918206887891857
2025-03-13,8429,217731,3.871290721119179
2025-03-14,9630,245901,3.9162101821464734
2025-03-15,10446,267118,3.910631256598208
2025-03-16,9931,213382,4.654094534684275
2025-03-17,7282,196577,3.704400820034897
2025-03-18,6731,200250,3.3612983770287137
2025-03-19,6769,206320,3.280825901512214
2025-03-20,8551,236913,3.6093418259023355
2025-03-21,10232,256703,3.9859292645586533
2025-03-22,13102,279444,4.688595926196304
2025-03-23,11110,219393,5.063971958995957
2025-03-24,9020,197414,4.569078180878763
2025-03-25,8634,207547,4.160021585472206
2025-03-26,9217,217084,4.245821893829117
2025-03-27,10030,229327,4.373667296044513
2025-03-28,11923,269032,4.431814802700051
2025-03-29,12789,288834,4.4278028209975275
2025-03-30,12126,218876,5.540123174765621
2025-03-31,8156,196625,4.147997457088366
2025-04-01,8095,207081,3.909098372134576
2025-04-02,13445,257958,5.212088789647927
2025-04-03,9476,237198,3.9949746625182336
2025-04-04,9801,263140,3.724633275062704
2025-04-05,10184,278908,3.6513832518249743
2025-04-06,8873,215842,4.110877401061888
2025-04-07,7059,198080,3.563711631663974
2025-04-08,9473,227814,4.1582167908908145
2025-04-09,8449,223460,3.780989886333125
2025-04-10,9977,249207,4.003499099142481
2025-04-11,10095,267085,3.779695602523541
2025-04-12,10009,277868,3.6020700476485237
2025-04-13,8720,219656,3.9698437556907162
2025-04-14,6736,188337,3.5765675358532847
2025-04-15,7911,218908,3.61384691285837
2025-04-16,8502,227135,3.7431483478988268
2025-04-17,9741,265352,3.6709728963791495
2025-04-18,7141,207970,3.4336683175458003
2025-04-19,8385,244563,3.4285644189840654
2025-04-20,8202,207155,3.9593541068282203
2025-04-21,6232,182860,3.4080717488789234
2025-04-22,7268,212960,3.412847483095417
2025-04-23,7484,218727,3.421616901434208
2025-04-24,8027,236293,3.3970536579585513
2025-04-25,9144,266001,3.4375810617253317
2025-04-26,10481,296479,3.53515763342429
2025-04-27,9595,228594,4.197398006946814
2025-04-28,7299,203138,3.5931238862251274
2025-04-29,8412,229643,3.6630770369660732
2025-04-30,8454,235963,3.582765094527532
2025-05-01,10266,267280,3.8409158934450764
2025-05-02,9228,260770,3.538750623154504
2025-05-03,9368,275824,3.3963686988804453
2025-05-04,9231,227684,4.054303332689166
2025-05-05,6917,204378,3.384415152315807
2025-05-06,6909,211858,3.2611466170737007
2025-05-07,8779,225458,3.893851626467014
2025-05-08,9256,237355,3.8996439931747804
2025-05-09,10652,268655,3.964936442649495
2025-05-10,11058,280931,3.936197856413141
2025-05-11,9972,226383,4.404924398033421
2025-05-12,8087,198666,4.07065124379612
2025-05-13,8807,220769,3.9892376194121457
2025-05-14,8865,230667,3.843202538724655
2025-05-15,9371,240846,3.890868023550319
2025-05-16,10704,268190,3.9912002684663856
2025-05-17,11049,265823,4.156525206622452
2025-05-18,10438,240091,4.3475182326701125
2025-05-19,6197,164485,3.7675167948445143
2025-05-20,11664,204041,5.716498154782617
2025-05-21,8077,257669,3.134641730281873
2025-05-22,6936,266256,2.6050117180457906
2025-05-23,5842,270453,2.160079570202586
2025-05-24,6808,292720,2.3257720688712764
2025-05-25,7628,244479,3.1201043852437222
2025-05-29,7227,247843,2.915958893331666
2025-05-30,8582,279028,3.075676992989951
2025-05-31,10097,288431,3.500663936955459
2025-06-01,9424,224324,4.201066314794672
2025-06-02,7482,197774,3.7831059694398657
2025-06-03,8200,213798,3.8353960280264547
2025-06-04,8490,231192,3.672272396968753
2025-06-05,8915,253971,3.5102432954943676
2025-06-06,10614,267031,3.974819402990664
2025-06-07,11578,295502,3.9180783886403474
2025-06-08,9886,232945,4.243920238682951
2025-06-09,7228,201074,3.5946964799029217
2025-06-10,7439,219030,3.3963384011322653
2025-06-11,7383,230957,3.1966989526188856
2025-06-12,7560,252006,2.999928573129211
2025-06-13,8430,278951,3.0220361282088968
2025-06-14,8429,293636,2.870560830415889
2025-06-15,7591,227706,3.3336846635573942
2025-06-16,6588,202790,3.2486809014251197
2025-06-17,6934,221983,3.123662622813459
2025-06-18,8238,243773,3.3793734334811485
2025-06-19,8273,258841,3.1961706221193706
2025-06-20,9481,280996,3.374069381770559
2025-06-21,9890,298523,3.3129775595180275
2025-06-22,10434,261214,3.9944260261701134
2025-06-23,8386,229709,3.6507058931082375
2025-06-24,8904,249830,3.564023536004483
2025-06-25,8397,242237,3.466439891511206
2025-06-26,9045,255601,3.538718549614438
2025-06-27,9359,266923,3.506254612753491
2025-06-28,9152,281403,3.2522752067319827
2025-06-29,8619,246814,3.4921033652872207
2025-06-30,6638,224675,2.9544898186269055
2025-07-01,4844,177451,2.72976765416932
2025-07-02,7612,215093,3.538934321433054
2025-07-03,6946,215464,3.223740392826644
2025-07-04,8812,248951,3.539652381392322
2025-07-05,9782,279690,3.4974435982695127
2025-07-06,9387,233262,4.0242302646809165
2025-07-07,7320,204692,3.576104586402986
2025-07-08,7435,217024,3.4258883810085523
2025-07-09,7652,221577,3.453427025368157
2025-07-10,8110,236118,3.434723316307948
2025-07-11,9749,273266,3.5675861614690447
2025-07-12,11068,302278,3.6615301146626615
2025-07-13,10428,241427,4.319318054732901
2025-07-14,8065,205450,3.925529325870041
2025-07-15,7984,220134,3.626881808353094
2025-07-16,6617,225110,2.9394518235529294
2025-07-17,4123,237907,1.7330301336236427
2025-07-18,4414,260732,1.692926069680745
2025-07-19,5262,282415,1.8632154807641237
2025-07-20,5667,238411,2.3769876389931675
2025-07-21,5519,204862,2.694008649725181
2025-07-22,6093,220754,2.760085887458438
2025-07-23,8208,233615,3.5134730218521923
2025-07-24,9509,261547,3.635675423537643
2025-07-25,9541,270317,3.529559739121106
2025-07-26,9809,312228,3.141614461227052
2025-07-27,8925,250437,3.5637705291151067
2025-07-28,8343,216351,3.8562336203669036
2025-07-29,8707,227054,3.8347705832092807
2025-07-30,8072,233779,3.452833659139615
2025-07-31,9175,250528,3.662265295695491
2025-08-01,11374,273063,4.165339134192476
2025-08-02,10867,276444,3.9309950659084656
2025-08-03,10879,252711,4.304917474902161
2025-08-04,7766,187287,4.146577178341262
2025-08-05,8512,203525,4.1822871883061055
2025-08-06,7392,208915,3.5382811191154295
2025-08-07,7903,230485,3.4288565416404535
2025-08-08,8625,263247,3.2763906141380525
2025-08-09,8595,275430,3.120575100751552
2025-08-10,8122,228308,3.5574749899258897
2025-08-11,6436,209743,3.0685171853172695
2025-08-12,6436,224601,2.8655259771773056
2025-08-13,6126,229541,2.668804265904566
2025-08-14,6346,238626,2.659391684057898
2025-08-15,7809,263235,2.9665508006154195
2025-08-16,8315,282080,2.9477453204764603
2025-08-17,8316,229245,3.6275600340247336
2025-08-18,6298,194902,3.231367559080974
2025-08-19,7822,231354,3.380965965576562
2025-08-20,7890,232315,3.396250780190689
2025-08-21,8635,240073,3.5968226331157607
2025-08-22,10003,265337,3.7699227774490556
2025-08-23,11115,276354,4.022015241320914
2025-08-24,10943,243008,4.503143929417962
2025-08-25,8690,215413,4.034111218914364
2025-08-26,8716,222912,3.910063163939133
2025-08-27,6717,219204,3.064268900202551
2025-08-28,9829,246616,3.9855483829110847
2025-08-29,10507,268118,3.918796947612618
2025-08-30,11505,267359,4.303202809705303
2025-08-31,11394,249033,4.575297249762079
2025-09-01,7705,179247,4.298537771901343
2025-09-02,9160,208397,4.395456748417684
2025-09-03,8706,218995,3.975433229069157
2025-09-04,11415,253961,4.49478463228606
2025-09-05,9441,276003,3.42061499331529
2025-09-06,5853,279396,2.094876089850964
2025-09-07,5328,224335,2.375019502083937
2025-09-08,8087,208722,3.8745316737095274
2025-09-09,8055,221513,3.6363554283495776
2025-09-10,5594,237348,2.356876822218852
2025-09-11,5002,249545,2.004448095533872
2025-09-12,5212,268143,1.9437389750991074
2025-09-13,4915,284343,1.7285461572818743
2025-09-14,5146,231328,2.224546963618758
2025-09-15,4528,202100,2.240475012370114
2025-09-16,5112,216652,2.359544338385983
2025-09-17,5140,226461,2.2697064836771013
2025-09-18,5586,243099,2.297829279429368
2025-09-19,7021,273635,2.5658267400003654
2025-09-20,7755,286517,2.7066456789649482
2025-09-21,8094,235705,3.4339534587726184
2025-09-22,7227,212432,3.402029826014913
2025-09-23,7467,228681,3.2652472221129
2025-09-24,6317,227379,2.778180922600592
2025-09-25,8579,267412,3.208158197837045
2025-09-26,8084,274282,2.947331578448458
2025-09-27,9133,294940,3.096562012612735
2025-09-28,7803,237488,3.2856396954793503
2025-09-29,6430,212563,3.024985533700597
2025-09-30,5868,214299,2.738230229725757
2025-10-01,6052,222438,2.720758143842329
2025-10-02,5448,233926,2.328941631114113
2025-10-03,5794,270278,2.143718689645476
2025-10-04,5584,285407,1.9565042202889207
2025-10-05,5274,236816,2.2270454699006823
2025-10-06,4189,207270,2.02103536450041
2025-10-07,4660,233247,1.9978820735100558
2025-10-08,4423,233638,1.8930995814037102
2025-10-09,4987,246733,2.0212132142842667
2025-10-10,5706,272906,2.090829809531487
2025-10-11,3767,251035,1.5005875674706715
2025-10-12,4298,227957,1.88544330729041
2025-10-13,3278,162848,2.012920023580271
2025-10-14,4608,213588,2.157424574414293
2025-10-15,4995,227007,2.200372675732466
2025-10-16,6379,244889,2.604853627561875
2025-10-17,8905,292429,3.0451836172199065
2025-10-18,7734,283180,2.7311250794547637
2025-10-19,8030,238762,3.363181745838953
2025-10-20,7385,227736,3.2427898970738047
2025-10-21,6955,229520,3.0302370163820145
2025-10-22,7513,239940,3.1311994665333
2025-10-23,7708,255614,3.0154842848983234
2025-10-24,8811,289491,3.043617936308901
2025-10-25,8771,303667,2.888361264147899
2025-10-26,7844,233085,3.3652959220885084
2025-10-27,6263,221796,2.8237659831556927
2025-10-28,6161,233599,2.637425673911275
2025-10-29,5578,238193,2.341798457553329
2025-10-30,7511,284394,2.6410543119756396
2025-10-31,8224,346501,2.373441923688532
2025-11-01,7786,333214,2.3366365158726823
2025-11-02,5813,248430,2.3398945376967353
2025-11-03,4409,213681,2.0633561243161536
2025-11-04,4254,218410,1.9477130168032601
2025-11-05,4364,236929,1.841902004397942
2025-11-06,4672,246137,1.8981299032652548
2025-11-07,5626,273575,2.0564744585579824
2025-11-08,5239,280914,1.8649835892835531
2025-11-09,6025,239486,2.515804681693293
2025-11-10,5774,228691,2.524804211796704
2025-11-11,5121,231093,2.2159909646765588
2025-11-12,5066,237722,2.131060650676
2025-11-13,5618,261062,2.1519792233262596
2025-11-14,5883,278407,2.1130934207832417
2025-11-15,6265,294420,2.1279125059438897
2025-11-16,5565,228551,2.434905119645068
2025-11-17,5396,212972,2.533666397460699
2025-11-18,5349,223840,2.3896533238027162
2025-11-19,5479,232132,2.3602950045663675
2025-11-20,6208,254183,2.4423348532356606
2025-11-21,7249,282115,2.569519522180671
2025-11-22,6767,285799,2.3677479627290507
2025-11-23,6228,217472,2.8638169511477343
2025-11-24,5384,209011,2.5759409791829135
2025-11-25,6794,237753,2.857587496267134
2025-11-26,5990,247145,2.4236784074126527
2025-11-27,6213,270522,2.296670880741677
2025-11-28,7685,308837,2.4883676502491605
2025-11-29,6809,300158,2.2684719381125937
2025-11-30,7106,238850,2.9750889679715304
2025-12-01,5592,223312,2.5041197965178763
2025-12-02,5737,240596,2.384495170327021
2025-12-03,5750,256527,2.2414794544044097
2025-12-04,6586,289918,2.2716768189626033
2025-12-05,7425,316822,2.3435872508853555
2025-12-06,7329,323761,2.263706870191283
2025-12-07,6365,248658,2.559740688013255
2025-12-08,6259,233719,2.678002216336712
2025-12-09,6737,256675,2.6247199766241356
2025-12-10,7810,279462,2.7946554451052377
2025-12-11,7671,302783,2.5334975873810617
2025-12-12,8945,332617,2.689279261132173
2025-12-13,9583,347962,2.7540363602922158
2025-12-14,8355,274411,3.044703018465003
2025-12-15,7004,240859,2.9079253837307304
2025-12-16,6666,255117,2.612918778442832
2025-12-17,6743,259380,2.5996607294317218
2025-12-18,6994,276672,2.527903076567199
2025-12-19,9148,328877,2.7815870370989764
2025-12-20,7501,307813,2.4368691380805876
2025-12-21,6735,253327,2.6586190970563734
2025-12-22,5869,226958,2.585941011112188
2025-12-23,5963,243160,2.452294785326534
2025-12-24,5512,232076,2.3750840241989692
2025-12-25,3958,168707,2.3460792972431492
2025-12-26,5827,189050,3.082253372123777
2025-12-27,5117,228268,2.241663308041425
2025-12-28,6113,230810,2.648498765218145
2025-12-29,5672,214258,2.6472757143257195
2025-12-30,5480,224423,2.441817460777193
2025-12-31,7712,313522,2.459795484846359
2026-01-01,6813,257391,2.6469456974020074
2026-01-02,5101,201932,2.526097894340669
2026-01-03,5115,212904,2.402491263668132
2026-01-04,5712,183606,3.1110094441358127
2026-01-05,5919,194026,3.050622081576696
2026-01-06,7256,224639,3.2300713589358923
2026-01-07,6241,207346,3.009944730064723
2026-01-08,5854,212202,2.758692189517535
2026-01-09,7136,247644,2.8815557816866146
2026-01-10,6717,258180,2.601673251220079
2026-01-11,6319,207236,3.0491806442896023
2026-01-12,6328,205234,3.0833097829794283
2026-01-13,6628,211491,3.133939505700006
2026-01-14,7089,223238,3.1755346312007813
2026-01-15,7256,190965,3.7996491503678684
2026-01-16,9265,279134,3.3191943654302234
2026-01-17,7716,283722,2.719563516399856
2026-01-18,6747,223507,3.0186974009762557
2026-01-19,7312,231693,3.155900264574243
2026-01-20,8232,257794,3.1932473215047676
2026-01-21,8192,251880,3.2523423852628235
2026-01-22,7921,263307,3.0082755110954134
2026-01-23,10308,313429,3.288783105583721
2026-01-24,8792,289700,3.034863652053849
2026-01-25,8258,179494,4.6007108872719975
2026-01-26,8349,200661,4.160748725462347
2026-01-27,8852,257047,3.4437281897863032
2026-01-28,8637,262457,3.2908247827263133
2026-01-29,8383,276383,3.033109851184769
2026-01-30,10006,314758,3.1789501775967564
2026-01-31,8717,305812,2.8504440636731063
