trip_date,total_revenue_cad,total_idle_minutes
2020-01-01,4107247.18,1891020.0
2020-01-02,2090023.91,3020548.0
2020-01-03,2539215.6,3541700.0
2020-01-04,2817644.77,3672653.0
2020-01-05,2466666.84,2441769.0
2020-01-06,2429450.95,3082978.0
2020-01-07,2416210.3,3266460.0
2020-01-08,2687621.66,3209282.0
2020-01-09,2797475.44,3370834.0
2020-01-10,3254331.55,3512950.0
2020-01-11,3694783.46,2995574.0
2020-01-12,2826471.83,2325684.0
2020-01-13,2566695.11,2890146.0
2020-01-14,2647994.89,3145745.0
2020-01-15,2712721.35,3288171.0
2020-01-16,3180983.55,3195546.0
2020-01-17,3851006.41,3092342.0
2020-01-18,3847817.78,1620174.0
2020-01-19,3053319.08,1729536.0
2020-01-20,2832213.1,2293198.0
2020-01-21,2847269.83,2725851.0
2020-01-22,3120349.8,2841720.0
2020-01-23,3093126.84,3048249.0
2020-01-24,3868656.75,2823401.0
2020-01-25,3792532.8,3237045.0
2020-01-26,2954710.3,2487904.0
2020-01-27,2581722.17,2872432.0
2020-01-28,2732616.93,3063691.0
2020-01-29,2872891.3,3168134.0
2020-01-30,3190488.91,3241400.0
2020-01-31,3619219.89,3212104.0
2020-02-01,3801060.28,3077369.0
2020-02-02,3220521.79,2314565.0
2020-02-03,2608917.54,2845886.0
2020-02-04,2584425.77,3300647.0
2020-02-05,2808539.52,3343329.0
2020-02-06,3140340.9,2849490.0
2020-02-07,3750487.23,2777971.0
2020-02-08,3786829.26,3251422.0
2020-02-09,2930825.23,2420031.0
2020-02-10,2690222.94,2694991.0
2020-02-11,2727780.9,3067718.0
2020-02-12,2848130.99,3306980.0
2020-02-13,3710211.28,2838476.0
2020-02-14,4435256.43,2654885.0
2020-02-15,3665472.9,3433566.0
2020-02-16,3107182.16,2708881.0
2020-02-17,2161157.69,2174831.0
2020-02-18,2913104.18,2700729.0
2020-02-19,2948308.82,3202695.0
2020-02-20,3322798.13,3139907.0
2020-02-21,3862469.85,3209279.0
2020-02-22,3916759.22,3409736.0
2020-02-23,3066301.9,2711272.0
2020-02-24,2586129.07,3097315.0
2020-02-25,2884165.93,3241998.0
2020-02-26,2972041.13,3196775.0
2020-02-27,3561399.06,2426685.0
2020-02-28,4084590.6,2522990.0
2020-02-29,4050346.18,2840900.0
2020-03-01,3094720.23,2423036.0
2020-03-02,2796095.86,2684758.0
2020-03-03,3118514.74,2700342.0
2020-03-04,3044532.89,3108669.0
2020-03-05,3248213.39,3007061.0
2020-03-06,3756148.8,3439663.0
2020-03-07,3817839.57,3264033.0
2020-03-08,2975078.42,2349347.0
2020-03-09,2545288.68,2896931.0
2020-03-10,2765833.38,3232721.0
2020-03-11,2727656.92,3396225.0
2020-03-12,2800669.6,3298251.0
2020-03-13,3045883.48,2958996.0
2020-03-14,2483955.39,3068618.0
2020-03-15,1852641.2,2346821.0
2020-03-16,1644807.3,2538664.0
2020-03-17,1303257.15,2668947.0
2020-03-18,1092956.4,2537550.0
2020-03-19,977490.15,2293977.0
2020-03-20,1085235.26,1984529.0
2020-03-21,841084.15,1733269.0
2020-03-22,652509.24,1249605.0
2020-03-23,765449.94,1312030.0
2020-03-24,685454.74,1308368.0
2020-03-25,574890.33,1318797.0
2020-03-26,558975.28,1275791.0
2020-03-27,644401.6,1172911.0
2020-03-28,529087.49,1046947.0
2020-03-29,468087.09,813094.0
2020-03-30,549961.19,1005069.0
2020-03-31,575339.92,994000.0
2020-04-01,562958.96,1020622.0
2020-04-02,539991.28,1048213.0
2020-04-03,609551.29,950023.0
2020-04-04,500149.99,884224.0
2020-04-05,422596.76,689933.0
2020-04-06,484871.56,741850.0
2020-04-07,480931.84,725213.0
2020-04-08,505056.27,650832.0
2020-04-09,636971.52,445611.0
2020-04-10,419887.11,494862.0
2020-04-11,503437.33,515145.0
2020-04-12,376201.2,372595.0
2020-04-13,492246.48,413302.0
2020-04-14,535502.9,457503.0
2020-04-15,545835.31,432677.0
2020-04-16,558400.66,411091.0
2020-04-17,638646.24,335873.0
2020-04-18,562888.18,341751.0
2020-04-19,479219.27,241101.0
2020-04-20,568196.42,347761.0
2020-04-21,578861.83,407324.0
2020-04-22,583499.15,423237.0
2020-04-23,585304.62,427638.0
2020-04-24,657117.46,447187.0
2020-04-25,579012.77,531391.0
2020-04-26,496089.4,306513.0
2020-04-27,571619.1,439450.0
2020-04-28,581503.61,493880.0
2020-04-29,588138.06,503308.0
2020-04-30,671209.79,413188.0
2020-05-01,743277.62,371939.0
2020-05-02,624919.74,427095.0
2020-05-03,584070.98,268188.0
2020-05-04,618794.46,436512.0
2020-05-05,599999.78,537181.0
2020-05-06,604238.57,576900.0
2020-05-07,621670.31,606887.0
2020-05-08,726325.58,524154.0
2020-05-09,651078.02,495633.0
2020-05-10,618407.89,248986.0
2020-05-11,632721.29,488044.0
2020-05-12,628832.35,586168.0
2020-05-13,681345.76,553985.0
2020-05-14,696260.08,542900.0
2020-05-15,795551.64,541096.0
2020-05-16,804939.44,468571.0
2020-05-17,646931.8,447805.0
2020-05-18,488649.3,458047.0
2020-05-19,709249.0,522343.0
2020-05-20,768149.76,483991.0
2020-05-21,792261.98,502795.0
2020-05-22,926560.64,420348.0
2020-05-23,961305.72,319694.0
2020-05-24,774381.46,157842.0
2020-05-25,804322.97,332330.0
2020-05-26,818261.7,446086.0
2020-05-27,835967.88,524176.0
2020-05-28,837937.02,540474.0
2020-05-29,979071.68,523057.0
2020-05-30,995774.42,457202.0
2020-05-31,844026.18,340336.0
2020-06-01,864346.21,488377.0
2020-06-02,820917.38,634618.0
2020-06-03,837516.87,732204.0
2020-06-04,888101.57,696386.0
2020-06-05,1024841.47,655253.0
2020-06-06,1061115.22,601711.0
2020-06-07,895319.74,439730.0
2020-06-08,854221.76,680262.0
2020-06-09,907254.21,707775.0
2020-06-10,991896.16,649711.0
2020-06-11,976293.58,760024.0
2020-06-12,1170691.29,678459.0
2020-06-13,1217921.75,658351.0
2020-06-14,1013747.6,440454.0
2020-06-15,943494.87,751009.0
2020-06-16,940017.15,855570.0
2020-06-17,1016477.32,819463.0
2020-06-18,1067468.62,818821.0
2020-06-19,1324879.61,637727.0
2020-06-20,1431449.43,552225.0
2020-06-21,1188229.52,348737.0
2020-06-22,1000991.99,616766.0
2020-06-23,988786.31,793599.0
2020-06-24,1096355.37,859483.0
2020-06-25,1170756.14,837162.0
2020-06-26,1478575.68,742017.0
2020-06-27,1493480.99,763395.0
2020-06-28,1293835.62,552508.0
2020-06-29,1173967.36,631423.0
2020-06-30,1382077.57,596925.0
2020-07-01,1396020.9,598413.0
2020-07-02,1472902.54,606118.0
2020-07-03,1482771.9,788183.0
2020-07-04,1535378.49,770666.0
2020-07-05,1274007.98,601006.0
2020-07-06,1166010.63,788306.0
2020-07-07,1201916.03,917406.0
2020-07-08,1344161.92,835400.0
2020-07-09,1421893.54,814356.0
2020-07-10,1748849.03,730063.0
2020-07-11,1610844.1,835367.0
2020-07-12,1363638.77,598319.0
2020-07-13,1207255.87,811350.0
2020-07-14,1245447.01,940023.0
2020-07-15,1349954.98,928445.0
2020-07-16,1333404.57,1026661.0
2020-07-17,1712761.82,890632.0
2020-07-18,1945145.65,741220.0
2020-07-19,1353765.39,665542.0
2020-07-20,1257857.65,778310.0
2020-07-21,1260929.81,952406.0
2020-07-22,1310081.68,997374.0
2020-07-23,1397899.88,1055637.0
2020-07-24,1722770.88,949600.0
2020-07-25,1855109.98,875418.0
2020-07-26,1502281.82,625017.0
2020-07-27,1241278.25,846921.0
2020-07-28,1264447.8,1018189.0
2020-07-29,1356443.2,1019403.0
2020-07-30,1502266.09,840660.0
2020-07-31,1976769.47,413955.0
2020-08-01,2054577.2,557031.0
2020-08-02,1568088.26,584090.0
2020-08-03,1155665.5,746547.0
2020-08-04,1317986.69,930710.0
2020-08-05,1437728.24,983253.0
2020-08-06,1565217.38,979304.0
2020-08-07,1876567.28,996102.0
2020-08-08,2120630.43,890859.0
2020-08-09,1705126.21,675427.0
2020-08-10,1394680.73,796900.0
2020-08-11,1368922.01,1084330.0
2020-08-12,1470930.55,1085766.0
2020-08-13,1616730.75,1088761.0
2020-08-14,1979377.2,979250.0
2020-08-15,2163781.21,828934.0
2020-08-16,1607474.0,786068.0
2020-08-17,1373514.3,931966.0
2020-08-18,1399308.21,1084715.0
2020-08-19,1470009.19,1169423.0
2020-08-20,1628071.56,1131006.0
2020-08-21,1948358.78,1095206.0
2020-08-22,2225003.38,884997.0
2020-08-23,1812764.52,597666.0
2020-08-24,1412201.61,869395.0
2020-08-25,1438412.96,1029519.0
2020-08-26,1550625.97,1073729.0
2020-08-27,1606667.02,1155441.0
2020-08-28,1948292.95,1082693.0
2020-08-29,2119750.01,1033370.0
2020-08-30,1820295.07,662458.0
2020-08-31,1498054.32,768835.0
2020-09-01,1515882.06,975867.0
2020-09-02,1506991.01,1220850.0
2020-09-03,1753380.32,1092877.0
2020-09-04,2040688.29,1056350.0
2020-09-05,2079610.61,1148322.0
2020-09-06,1836438.78,819671.0
2020-09-07,1242013.79,833211.0
2020-09-08,1415414.79,1081049.0
2020-09-09,1466904.93,1220693.0
2020-09-10,1588575.05,1219900.0
2020-09-11,1991415.47,1126197.0
2020-09-12,2261202.33,1114397.0
2020-09-13,1644722.81,945394.0
2020-09-14,1353521.24,1050079.0
2020-09-15,1396041.38,1184629.0
2020-09-16,1478434.02,1227739.0
2020-09-17,1557806.92,1324938.0
2020-09-18,1955638.93,1219448.0
2020-09-19,2059942.22,1156514.0
2020-09-20,1569456.6,917989.0
2020-09-21,1299279.18,1121165.0
2020-09-22,1319358.49,1288950.0
2020-09-23,1405538.25,1351193.0
2020-09-24,1502742.81,1385888.0
2020-09-25,1873806.42,1286211.0
2020-09-26,2023076.37,1155725.0
2020-09-27,1527451.76,930532.0
2020-09-28,1275395.4,1189143.0
2020-09-29,1303401.42,1275897.0
2020-09-30,1463185.35,1248384.0
2020-10-01,1513275.31,1404368.0
2020-10-02,1719974.58,1516314.0
2020-10-03,1753156.37,1461368.0
2020-10-04,1327729.7,1064511.0
2020-10-05,1221376.22,1399468.0
2020-10-06,1232767.03,1592693.0
2020-10-07,1315415.64,1635850.0
2020-10-08,1409065.63,1610799.0
2020-10-09,1744053.95,1436242.0
2020-10-10,1580630.92,1576557.0
2020-10-11,1347633.12,1210991.0
2020-10-12,953003.63,1075350.0
2020-10-13,1210989.74,1442825.0
2020-10-14,1204705.08,1584456.0
2020-10-15,1391820.35,1395626.0
2020-10-16,1571270.17,1529498.0
2020-10-17,1597261.78,1424063.0
2020-10-18,1209340.66,1191936.0
2020-10-19,1159084.1,1402737.0
2020-10-20,1198004.18,1496036.0
2020-10-21,1229164.04,1559712.0
2020-10-22,1292732.35,1672709.0
2020-10-23,1675003.66,1336245.0
2020-10-24,1669031.37,1393318.0
2020-10-25,1260184.18,1134140.0
2020-10-26,1160671.7,1410927.0
2020-10-27,1226064.79,1481860.0
2020-10-28,1263221.86,1570372.0
2020-10-29,1372947.06,1529617.0
2020-10-30,1765124.41,1351080.0
2020-10-31,1888303.12,1311061.0
2020-11-01,1518746.87,896044.0
2020-11-02,1209989.1,1175987.0
2020-11-03,1185615.06,1435138.0
2020-11-04,1245391.16,1373062.0
2020-11-05,1306725.29,1598529.0
2020-11-06,1651113.85,1494021.0
2020-11-07,1775742.27,1336876.0
2020-11-08,1340717.63,1064936.0
2020-11-09,1174221.71,1322253.0
2020-11-10,1195967.33,1456568.0
2020-11-11,1276857.93,1498303.0
2020-11-12,1310623.26,1637054.0
2020-11-13,1655214.16,1449263.0
2020-11-14,1644912.68,1219133.0
2020-11-15,1235056.84,893926.0
2020-11-16,1169924.49,1312588.0
2020-11-17,1189991.8,1416953.0
2020-11-18,1207690.94,1438808.0
2020-11-19,1307544.09,1520445.0
2020-11-20,1622430.39,1365195.0
2020-11-21,1630959.38,1326963.0
2020-11-22,1427250.46,487589.0
2020-11-23,1089560.0,1020133.0
2020-11-24,1030249.32,1396591.0
2020-11-25,1057681.98,1509020.0
2020-11-26,1130840.83,1498866.0
2020-11-27,1319610.18,1523220.0
2020-11-28,1239160.3,1521153.0
2020-11-29,1030010.84,1118578.0
2020-11-30,1185248.53,1101422.0
2020-12-01,1152018.03,1044840.0
2020-12-02,1088848.49,1371692.0
2020-12-03,1116191.18,1481688.0
2020-12-04,1343477.11,1430732.0
2020-12-05,1212144.23,1486024.0
2020-12-06,959009.3,1146878.0
2020-12-07,1036336.59,1299196.0
2020-12-08,1043110.6,1412921.0
2020-12-09,1125142.26,1213270.0
2020-12-10,1158871.94,1369086.0
2020-12-11,1380792.08,1264660.0
2020-12-12,1300247.71,1262905.0
2020-12-13,1036011.83,1046218.0
2020-12-14,1064234.44,1258113.0
2020-12-15,1094002.33,1296736.0
2020-12-16,1185559.52,1290102.0
2020-12-17,1258192.54,1231303.0
2020-12-18,1461478.27,1208797.0
2020-12-19,1300304.9,1305505.0
2020-12-20,1039551.48,1017867.0
2020-12-21,1094442.5,1223909.0
2020-12-22,1198555.26,1210068.0
2020-12-23,1317741.94,1180437.0
2020-12-24,1489890.54,1106638.0
2020-12-25,1232118.57,641119.0
2020-12-26,970338.73,1113776.0
2020-12-27,855563.7,1071238.0
2020-12-28,819063.32,1506537.0
2020-12-29,922101.13,1555505.0
2020-12-30,1031307.08,1419132.0
2020-12-31,1405806.82,1461912.0
2021-01-01,1224866.85,933705.0
2021-01-02,859060.67,1354057.0
2021-01-03,785859.62,1156022.0
2021-01-04,919336.69,1481746.0
2021-01-05,912428.86,1541219.0
2021-01-06,937688.41,1554018.0
2021-01-07,980763.02,1538993.0
2021-01-08,1130385.17,1535819.0
2021-01-09,1030923.29,1500075.0
2021-01-10,847352.86,1179934.0
2021-01-11,896902.93,1428711.0
2021-01-12,890791.17,1519200.0
2021-01-13,951622.42,1460855.0
2021-01-14,868570.64,1502510.0
2021-01-15,979366.88,1490763.0
2021-01-16,851884.94,1534768.0
2021-01-17,710600.46,1198395.0
2021-01-18,812079.59,1416479.0
2021-01-19,813012.82,1494469.0
2021-01-20,865244.79,1432805.0
2021-01-21,903955.79,1550238.0
2021-01-22,1045023.21,1492437.0
2021-01-23,994265.87,1403565.0
2021-01-24,820977.3,1111894.0
2021-01-25,857813.14,1376755.0
2021-01-26,891567.52,867318.0
2021-01-27,913506.26,1225645.0
2021-01-28,971521.73,1328882.0
2021-01-29,1165278.87,1334237.0
2021-01-30,1020286.71,1326343.0
2021-01-31,861972.52,1036500.0
2021-02-01,914819.93,1241952.0
2021-02-02,871434.93,1395920.0
2021-02-03,893349.42,1480762.0
2021-02-04,934139.04,1499518.0
2021-02-05,1149978.79,1361242.0
2021-02-06,1050847.0,1373070.0
2021-02-07,960356.07,973253.0
2021-02-08,945664.76,1233171.0
2021-02-09,894123.51,1373324.0
2021-02-10,924658.44,1461297.0
2021-02-11,1002728.41,1435183.0
2021-02-12,1253447.78,1242827.0
2021-02-13,1180169.79,1069961.0
2021-02-14,1067084.11,762807.0
2021-02-15,767990.78,854764.0
2021-02-16,1143656.06,498504.0
2021-02-17,1048994.01,1028568.0
2021-02-18,1111642.27,905715.0
2021-02-19,1338577.62,788130.0
2021-02-20,1140632.55,1110932.0
2021-02-21,939364.24,888821.0
2021-02-22,1047673.46,816890.0
2021-02-23,998271.84,1148210.0
2021-02-24,1007485.29,1223935.0
2021-02-25,1066040.38,1249965.0
2021-02-26,1307685.99,1138841.0
2021-02-27,1236525.68,1126044.0
2021-02-28,1001881.9,837454.0
2021-03-01,1067734.4,978170.0
2021-03-02,1033759.96,1181082.0
2021-03-03,1025877.54,1304801.0
2021-03-04,1129803.18,1260915.0
2021-03-05,1327682.35,1220852.0
2021-03-06,1238274.02,1215932.0
2021-03-07,1025407.68,877187.0
2021-03-08,1063369.17,1123257.0
2021-03-09,1041389.27,1247213.0
2021-03-10,1073387.8,1293497.0
2021-03-11,1125716.12,1291976.0
2021-03-12,1383437.61,1245831.0
2021-03-13,1381308.43,1159513.0
2021-03-14,1089255.1,807809.0
2021-03-15,1118233.02,1016553.0
2021-03-16,1103499.51,1177450.0
2021-03-17,1136294.52,1251118.0
2021-03-18,1214225.53,1223523.0
2021-03-19,1451979.65,1116343.0
2021-03-20,1507539.46,905380.0
2021-03-21,1198225.03,722739.0
2021-03-22,1132033.67,1035102.0
2021-03-23,1116316.07,1200270.0
2021-03-24,1126296.52,1285417.0
2021-03-25,1255074.39,1227104.0
2021-03-26,1527893.86,1130238.0
2021-03-27,1454009.15,1124153.0
2021-03-28,1147989.99,809897.0
2021-03-29,1133163.28,1004990.0
2021-03-30,1202445.43,1017782.0
2021-03-31,1262103.88,1042049.0
2021-04-01,1614095.84,749543.0
2021-04-02,1221739.71,1061790.0
2021-04-03,1261632.84,1056765.0
2021-04-04,1015622.02,788524.0
2021-04-05,1002366.22,917011.0
2021-04-06,1061370.52,1106528.0
2021-04-07,1110732.24,1029992.0
2021-04-08,1070048.19,1151761.0
2021-04-09,1223214.84,1127501.0
2021-04-10,1222007.46,971673.0
2021-04-11,960896.37,799818.0
2021-04-12,1038876.82,881868.0
2021-04-13,978293.77,979271.0
2021-04-14,1043181.52,995277.0
2021-04-15,1102937.11,1010088.0
2021-04-16,1243813.9,961144.0
2021-04-17,1035188.51,1043326.0
2021-04-18,864807.48,827966.0
2021-04-19,904786.74,302006.0
2021-04-20,997920.9,1022698.0
2021-04-21,1021983.19,1015923.0
2021-04-22,1040718.16,1098808.0
2021-04-23,1219082.84,1023374.0
2021-04-24,1130070.95,1011083.0
2021-04-25,932710.53,850113.0
2021-04-26,984302.1,1025739.0
2021-04-27,987045.93,1090072.0
2021-04-28,1029678.63,1129756.0
2021-04-29,1156785.37,980300.0
2021-04-30,1379482.14,811400.0
2021-05-01,1249354.44,831149.0
2021-05-02,953421.48,740318.0
2021-05-03,1056694.09,900988.0
2021-05-04,1057202.46,1015791.0
2021-05-05,1115492.28,1039093.0
2021-05-06,1205260.87,946766.0
2021-05-07,1342462.58,939173.0
2021-05-08,1289930.53,864652.0
2021-05-09,1123026.05,642415.0
2021-05-10,1054124.83,917663.0
2021-05-11,1063194.28,976260.0
2021-05-12,1117722.88,968921.0
2021-05-13,1249445.3,396344.0
2021-05-14,1470110.39,647088.0
2021-05-15,1462269.76,664673.0
2021-05-16,1193592.81,554511.0
2021-05-17,1094492.53,869769.0
2021-05-18,1131278.43,993161.0
2021-05-19,1175006.81,1027648.0
2021-05-20,1278647.41,975704.0
2021-05-21,1551948.77,878723.0
2021-05-22,1392447.74,924306.0
2021-05-23,1328221.66,615683.0
2021-05-24,1035530.91,681911.0
2021-05-25,1184823.55,868479.0
2021-05-26,1150153.12,1005603.0
2021-05-27,1264662.49,994477.0
2021-05-28,1541940.02,827902.0
2021-05-29,1521855.13,804343.0
2021-05-30,1281144.0,613003.0
2021-05-31,1214449.55,787910.0
2021-06-01,1188015.73,966751.0
2021-06-02,1189877.75,1083056.0
2021-06-03,1252545.65,1127763.0
2021-06-04,1504022.58,1006682.0
2021-06-05,1780142.44,681989.0
2021-06-06,1451263.08,499617.0
2021-06-07,1201944.15,863127.0
2021-06-08,1170032.31,1036583.0
2021-06-09,1203527.49,1111478.0
2021-06-10,1364869.97,1045639.0
2021-06-11,1898455.52,769893.0
2021-06-12,2145636.15,547204.0
2021-06-13,1665903.04,474925.0
2021-06-14,1359939.52,676531.0
2021-06-15,1424887.26,723196.0
2021-06-16,1489904.42,832226.0
2021-06-17,1645389.67,796467.0
2021-06-18,2005662.1,711102.0
2021-06-19,2278774.85,515155.0
2021-06-20,1855571.28,342925.0
2021-06-21,1433587.62,632097.0
2021-06-22,1426311.19,785028.0
2021-06-23,1550253.91,791508.0
2021-06-24,1799051.3,670220.0
2021-06-25,2149516.23,607779.0
2021-06-26,1962273.93,733130.0
2021-06-27,1887804.16,374364.0
2021-06-28,1587996.16,489453.0
2021-06-29,1661243.48,560644.0
2021-06-30,2051593.02,464913.0
2021-07-01,1536254.66,691248.0
2021-07-02,1748911.96,741627.0
2021-07-03,1763826.59,600794.0
2021-07-04,1544836.19,437539.0
2021-07-05,1375287.5,501501.0
2021-07-06,1435066.91,598845.0
2021-07-07,1428633.2,757135.0
2021-07-08,1518418.22,712819.0
2021-07-09,1881848.19,631487.0
2021-07-10,2315364.3,347269.0
2021-07-11,1887006.08,324359.0
2021-07-12,1378474.59,550701.0
2021-07-13,1374125.73,684490.0
2021-07-14,1490377.53,708549.0
2021-07-15,1646846.38,682671.0
2021-07-16,1994790.96,624038.0
2021-07-17,2300272.06,582344.0
2021-07-18,1993397.63,371022.0
2021-07-19,1476591.79,441344.0
2021-07-20,1596140.39,270687.0
2021-07-21,1652003.95,443336.0
2021-07-22,1800314.44,537028.0
2021-07-23,2209475.79,562237.0
2021-07-24,2515855.21,568428.0
2021-07-25,2006260.08,385102.0
2021-07-26,1470452.62,477716.0
2021-07-27,1462786.26,672885.0
2021-07-28,1613243.7,633994.0
2021-07-29,1777991.11,675481.0
2021-07-30,2300909.81,533054.0
2021-07-31,2444505.62,480255.0
2021-08-01,2225811.75,389194.0
2021-08-02,1705817.04,436522.0
2021-08-03,1716740.44,573622.0
2021-08-04,1768199.83,671530.0
2021-08-05,2012123.13,659112.0
2021-08-06,2513202.68,602442.0
2021-08-07,2977817.16,451334.0
2021-08-08,2435834.35,341855.0
2021-08-09,1725556.85,481148.0
2021-08-10,1711011.36,686414.0
2021-08-11,1865649.73,639601.0
2021-08-12,2103428.92,633888.0
2021-08-13,2660150.75,512380.0
2021-08-14,3310025.73,413848.0
2021-08-15,2583510.36,323837.0
2021-08-16,1726371.21,489674.0
2021-08-17,1712841.08,623150.0
2021-08-18,1867612.65,644000.0
2021-08-19,2165919.46,531238.0
2021-08-20,2788177.51,505958.0
2021-08-21,3244144.51,430414.0
2021-08-22,2703056.75,322297.0
2021-08-23,1847007.36,481272.0
2021-08-24,1851283.69,533523.0
2021-08-25,1969749.32,588898.0
2021-08-26,2262047.34,534345.0
2021-08-27,2642516.81,623676.0
2021-08-28,3222850.93,487342.0
2021-08-29,2480062.02,411578.0
2021-08-30,1852028.22,504607.0
2021-08-31,1955118.06,534579.0
2021-09-01,2075551.59,569947.0
2021-09-02,2295029.51,580707.0
2021-09-03,2596398.54,662544.0
2021-09-04,2799219.41,758061.0
2021-09-05,2646439.72,554060.0
2021-09-06,1757047.21,683477.0
2021-09-07,1969704.62,438454.0
2021-09-08,1867018.34,635979.0
2021-09-09,1992786.91,752976.0
2021-09-10,2568937.68,742298.0
2021-09-11,2892532.09,711708.0
2021-09-12,2262741.09,672098.0
2021-09-13,1768034.42,704311.0
2021-09-14,1807260.07,757122.0
2021-09-15,1932209.52,810870.0
2021-09-16,2052720.85,818791.0
2021-09-17,2747457.43,609078.0
2021-09-18,3425961.41,421513.0
2021-09-19,2662905.3,347084.0
2021-09-20,1827764.6,526310.0
2021-09-21,1821709.33,676297.0
2021-09-22,2127211.33,593305.0
2021-09-23,2078585.84,789197.0
2021-09-24,2628980.77,702961.0
2021-09-25,3038966.96,613537.0
2021-09-26,2315254.28,489820.0
2021-09-27,1702894.11,720823.0
2021-09-28,1798656.19,789105.0
2021-09-29,2032079.33,761825.0
2021-09-30,2287044.74,728472.0
2021-10-01,2718047.27,647027.0
2021-10-02,3124892.96,576828.0
2021-10-03,2387235.56,542587.0
2021-10-04,1729502.85,715825.0
2021-10-05,1697499.53,831746.0
2021-10-06,1899927.82,831033.0
2021-10-10,2447043.9,587720.0
2021-10-11,1680160.92,613194.0
2021-10-12,1869410.84,755211.0
2021-10-13,1977778.2,912732.0
2021-10-17,2460307.16,593326.0
2021-10-18,1784722.82,707032.0
2021-10-19,1779882.49,844463.0
2021-10-20,1961997.16,918028.0
2021-10-21,2222973.11,898427.0
2021-10-22,2863243.11,803867.0
2021-10-23,3301128.47,742596.0
2021-10-24,2532170.69,585684.0
2021-10-25,2029324.95,673550.0
2021-10-26,1916241.88,776482.0
2021-10-27,2057459.06,851518.0
2021-10-28,2291944.12,861016.0
2021-10-29,3391988.05,659322.0
2021-10-30,4633805.91,546338.0
2021-10-31,3860133.22,498738.0
2021-11-01,2135052.16,602912.0
2021-11-02,1829597.62,806400.0
2021-11-03,1901028.73,913868.0
2021-11-04,2225736.35,754124.0
2021-11-05,2770676.38,731430.0
2021-11-06,3072707.57,778633.0
2021-11-07,2438719.17,696952.0
2021-11-08,1692446.33,882180.0
2021-11-09,1798490.06,924835.0
2021-11-10,1922434.46,999638.0
2021-11-11,2085693.86,984165.0
2021-11-12,2754086.3,826728.0
2021-11-13,3267439.38,850471.0
2021-11-14,2632735.91,599057.0
2021-11-15,1784460.29,828873.0
2021-11-16,1943113.91,928386.0
2021-11-17,1975546.71,993997.27
2021-11-18,2349280.39,938261.0
2021-11-19,2913963.1,778537.0
2021-11-20,3435252.69,748441.0
2021-11-21,2639971.28,662302.0
2021-11-22,1794630.36,785698.0
2021-11-23,1818865.44,891656.0
2021-11-24,2001144.65,968353.0
2021-11-25,2425856.98,821143.0
2021-11-26,3188974.02,687207.0
2021-11-27,3428849.09,715501.0
2021-11-28,2818877.05,412698.0
2021-11-29,1945679.05,589479.0
2021-11-30,2142693.38,611260.0
2021-12-01,2287202.88,760995.0
2021-12-02,2633631.89,809562.0
2021-12-03,3146967.79,762710.0
2021-12-04,3404900.69,835141.0
2021-12-05,2738671.45,574110.0
2021-12-06,1861838.24,728464.0
2021-12-07,2073422.09,859072.0
2021-12-08,2446284.6,702511.0
2021-12-09,2853763.56,729579.0
2021-12-10,3497453.22,629427.0
2021-12-11,3912532.98,559011.0
2021-12-12,2733553.75,587455.0
2021-12-13,1915913.44,707628.0
2021-12-14,2061093.16,783977.0
2021-12-15,2207365.49,845185.0
2021-12-16,2436634.83,816071.0
2021-12-17,3031080.25,771153.0
2021-12-18,3319993.34,527397.0
2021-12-19,2377334.38,581341.0
2021-12-20,1877781.66,614980.0
2021-12-21,1871500.72,724167.0
2021-12-22,2058069.72,688678.0
2021-12-23,2157963.48,637866.0
2021-12-24,2231332.23,661994.0
2021-12-25,1642380.68,593613.0
2021-12-26,1475501.97,710973.0
2021-12-27,1415353.23,651283.0
2021-12-28,1377493.54,1012195.0
2021-12-29,1466071.52,1056543.0
2021-12-30,1578140.41,1049476.0
2021-12-31,2182099.23,838771.0
2022-01-01,2124292.89,578490.0
2022-01-02,1336692.0,503948.0
2022-01-03,1265011.46,967343.0
2022-01-04,1441526.82,1003304.0
2022-01-05,1273145.75,1164445.0
2022-01-06,1283759.77,1252230.0
2022-01-07,1486801.94,1177964.0
2022-01-08,1440003.99,1225145.0
2022-01-09,1216028.27,992041.0
2022-01-10,1270315.58,972474.0
2022-01-11,1303382.84,913040.0
2022-01-12,1210023.38,1152327.0
2022-01-13,1259818.6,1198253.0
2022-01-14,1625634.4,1017137.0
2022-01-15,1691050.39,864353.0
2022-01-16,1355824.94,732145.0
2022-01-17,1491092.02,106243.0
2022-01-18,1824860.18,252289.0
2022-01-19,1511877.19,590467.0
2022-01-20,1618496.81,624007.0
2022-01-21,1879635.92,696237.0
2022-01-22,1838577.88,751582.0
2022-01-23,1500786.77,603051.0
2022-01-24,1451703.88,521034.0
2022-01-25,1446061.95,663449.0
2022-01-26,1463449.7,867552.0
2022-01-27,1547436.07,844630.0
2022-01-28,1923101.57,774607.0
2022-01-29,1926393.02,748342.0
2022-01-30,1575462.31,611353.0
2022-01-31,1612964.08,793095.0
2022-02-01,1615531.04,905471.0
2022-02-02,1664624.96,815083.0
2022-02-03,1764886.63,554633.0
2022-02-04,2471912.19,372308.0
2022-02-05,2666405.48,445386.0
2022-02-06,2007683.66,476941.0
2022-02-07,1496918.64,812942.0
2022-02-08,1535951.29,988789.0
2022-02-09,1591651.77,1048798.0
2022-02-10,1776412.86,1060501.0
2022-02-11,2315680.24,886381.0
2022-02-12,2765077.32,681133.0
2022-02-13,2465980.86,603775.0
2022-02-14,2056728.95,543503.0
2022-02-15,1693568.27,884276.0
2022-02-16,1671805.99,1077971.0
2022-02-17,2159262.34,631073.0
2022-02-18,2741610.37,352591.0
2022-02-19,3108676.7,386649.0
2022-02-20,2499767.95,515004.0
2022-02-21,1598869.03,610943.0
2022-02-22,1881357.12,733282.0
2022-02-23,1915948.6,843120.0
2022-02-24,2146631.42,789439.0
2022-02-25,2716032.87,507560.0
2022-02-26,3104590.39,653320.0
2022-02-27,2495213.91,565042.0
2022-02-28,1845171.0,684243.0
2022-03-01,1850275.15,824190.0
2022-03-02,1915224.44,934657.0
2022-03-03,2189492.1,738657.0
2022-03-04,2689424.71,805700.0
2022-03-05,3296794.57,718507.0
2022-03-06,2661479.4,529470.0
2022-03-07,1815036.57,708001.0
2022-03-08,1861447.19,822340.0
2022-03-09,1954347.59,947697.0
2022-03-10,2188209.42,907979.0
2022-03-11,2812606.88,653164.0
2022-03-12,3449279.75,613610.0
2022-03-13,2774653.16,471794.0
2022-03-14,1852496.77,695706.0
2022-03-15,2058710.64,596840.93
2022-03-16,1992726.91,820715.0
2022-03-17,2492303.44,675073.0
2022-03-18,3069311.09,700141.0
2022-03-19,3577414.72,670846.0
2022-03-20,2744724.53,556993.0
2022-03-21,1826328.07,826892.0
2022-03-22,1838353.62,1038396.0
2022-03-23,2283565.85,907267.0
2022-03-24,2264694.9,1034557.0
2022-03-25,2783330.8,985496.0
2022-03-26,3394277.86,812767.0
2022-03-27,3059121.92,550974.0
2022-03-28,2094437.75,671665.0
2022-03-29,1987711.46,804467.0
2022-03-30,2166950.52,829486.0
2022-03-31,2495936.76,722129.0
2022-04-01,2963338.09,632762.0
2022-04-02,3337196.8,615341.0
2022-04-03,2657260.96,668161.0
2022-04-04,1891207.93,750398.0
2022-04-05,1992449.15,819022.0
2022-04-06,2169816.7,833038.0
2022-04-07,2417012.57,801046.0
2022-04-08,2991477.94,732727.35
2022-04-09,3635270.28,708754.0
2022-04-10,2744392.54,633216.0
2022-04-11,1921560.18,745334.0
2022-04-12,2002084.49,771229.0
2022-04-13,2281249.37,786812.0
2022-04-14,2896737.12,626089.0
2022-04-15,2620901.75,921395.0
2022-04-16,2945339.24,766759.0
2022-04-17,2420317.55,727392.0
2022-04-18,2013625.5,579938.0
2022-04-19,2146052.44,707131.0
2022-04-20,2334682.76,721876.0
2022-04-21,2527605.92,770422.0
2022-04-22,2939408.97,679939.0
2022-04-23,3716673.11,653092.0
2022-04-24,3018549.94,498321.0
2022-04-25,2292961.16,590978.0
2022-04-26,2266121.54,694461.0
2022-04-27,2457182.3,692943.0
2022-04-28,2920554.74,576421.0
2022-04-29,3612842.76,531344.0
2022-04-30,4297527.7,493463.0
2022-05-01,3427073.25,413906.0
2022-05-02,2490722.97,305242.0
2022-05-03,2544701.34,455722.0
2022-05-04,2504122.6,668942.0
2022-05-05,2683258.19,706748.0
2022-05-06,3191299.11,671421.0
2022-05-07,3928118.33,563870.0
2022-05-08,3183510.44,426299.0
2022-05-09,2093505.48,630943.0
2022-05-10,2255354.68,728962.0
2022-05-11,2384728.67,742265.0
2022-05-12,2736296.37,744063.0
2022-05-13,3374792.82,649544.0
2022-05-14,4236599.03,539379.0
2022-05-15,3358684.26,452835.0
2022-05-16,2282080.54,643777.0
2022-05-17,2254769.18,779831.0
2022-05-18,2436084.47,840603.0
2022-05-19,2650597.19,812332.0
2022-05-20,3151847.62,795399.0
2022-05-21,3350723.11,721496.0
2022-05-22,3054323.93,596097.0
2022-05-23,2235484.03,458235.0
2022-05-24,2266647.17,622717.0
2022-05-25,2358826.0,727891.0
2022-05-26,2597912.17,770045.0
2022-05-27,3165828.86,698454.0
2022-05-28,3981467.89,575511.0
2022-05-29,3322014.65,453669.0
2022-05-30,2324803.82,622800.0
2022-05-31,2557170.87,649370.0
2022-06-01,2940030.27,755256.0
2022-06-02,2860508.55,751952.0
2022-06-03,3789245.93,670628.0
2022-06-04,4661196.65,563702.0
2022-06-05,3647960.97,476945.0
2022-06-06,2462291.27,561189.0
2022-06-07,2612625.71,693028.0
2022-06-08,2629178.09,768132.0
2022-06-09,3056648.24,721137.0
2022-06-10,3620844.85,664475.0
2022-06-11,4505332.96,614050.0
2022-06-12,3666574.89,528427.0
2022-06-13,2533340.45,597198.0
2022-06-14,2683047.77,658553.0
2022-06-15,2933131.03,695387.0
2022-06-16,3241299.41,621350.0
2022-06-17,3862497.21,608682.0
2022-06-18,4544749.22,540908.0
2022-06-19,3671421.8,409523.0
2022-06-20,2537823.86,601110.0
2022-06-21,2834727.6,649987.0
2022-06-22,3247613.23,670459.0
2022-06-23,3508905.92,672441.0
2022-06-24,3719186.45,675883.0
2022-06-25,4498437.32,594724.0
2022-06-26,3795313.3,560595.0
2022-06-27,2531485.79,668681.0
2022-06-28,2497233.34,788325.0
2022-06-29,2750348.83,812829.0
2022-06-30,3337287.43,623029.0
2022-07-01,3269658.62,760311.0
2022-07-02,3666676.03,692035.0
2022-07-03,2934864.15,626454.0
2022-07-04,2147976.04,837726.0
2022-07-05,2276396.57,1012492.0
2022-07-06,2344634.81,1071612.0
2022-07-07,2611550.57,969387.0
2022-07-08,2780108.47,342706.0
2022-07-09,4221320.04,368789.0
2022-07-10,3543121.85,422462.0
2022-07-11,2264379.07,663621.0
2022-07-12,2263319.01,874043.0
2022-07-13,2406243.26,1010363.0
2022-07-14,2759356.55,897955.0
2022-07-15,3303930.75,751543.0
2022-07-16,4116072.32,606534.0
2022-07-17,3436564.55,516716.0
2022-07-18,2385365.45,766419.0
2022-07-19,2378864.62,823915.0
2022-07-20,2653642.93,889123.0
2022-07-21,2867948.78,936377.0
2022-07-22,3371805.49,841445.0
2022-07-23,4305066.17,619143.0
2022-07-24,3316538.17,707196.0
2022-07-25,2269156.22,697916.0
2022-07-26,2564763.35,758199.0
2022-07-27,2721666.09,821966.0
2022-07-28,3149258.2,765658.0
2022-07-29,4103734.64,711389.0
2022-07-30,4872757.77,653924.0
2022-07-31,4191547.63,609103.0
2022-08-01,2898921.32,502928.0
2022-08-02,2433888.37,667146.0
2022-08-03,2375408.19,902430.0
2022-08-04,2626903.59,996709.0
2022-08-05,3097776.37,984333.0
2022-08-06,4197459.98,838482.0
2022-08-07,3672552.66,676622.0
2022-08-08,2529927.35,695909.0
2022-08-09,2435929.4,892622.0
2022-08-10,2698299.96,889734.0
2022-08-11,2909496.12,835907.0
2022-08-12,3395420.91,860141.0
2022-08-13,4283870.49,732234.0
2022-08-14,3593671.91,660732.0
2022-08-15,2588457.16,682459.0
2022-08-16,2600379.02,778302.0
2022-08-17,2790320.34,829265.0
2022-08-18,2913488.99,889077.0
2022-08-19,3501737.76,840534.0
2022-08-20,4368841.46,715610.0
2022-08-21,3626831.33,704073.0
2022-08-22,2774505.95,650297.0
2022-08-23,2610358.1,792645.0
2022-08-24,2777353.99,841220.0
2022-08-25,3004220.82,878334.0
2022-08-26,3471803.86,737758.0
2022-08-27,4407761.53,772729.0
2022-08-28,3741423.85,564382.0
2022-08-29,2560756.45,724251.0
2022-08-30,2572723.14,916372.0
2022-08-31,2930021.33,777006.0
2022-09-01,3166872.73,768986.0
2022-09-02,3429616.56,996110.0
2022-09-03,3835821.86,1115421.0
2022-09-04,3564481.47,928400.0
2022-09-05,2646688.28,701831.0
2022-09-06,2708091.74,750176.0
2022-09-07,2817941.93,1017694.0
2022-09-08,3279391.07,977492.0
2022-09-09,4156708.4,814828.0
2022-09-10,4755629.56,962921.0
2022-09-11,4103961.65,841672.0
2022-09-12,3074451.34,813979.0
2022-09-13,2815482.46,954259.0
2022-09-14,2979949.15,1084762.0
2022-09-15,3247889.31,1002391.0
2022-09-16,3712940.6,939644.0
2022-09-17,4289570.8,938871.0
2022-09-18,3551963.6,936951.0
2022-09-19,2594701.49,901148.0
2022-09-20,2679548.75,936512.0
2022-09-21,2877450.94,1058111.0
2022-09-22,3337392.83,1010516.0
2022-09-23,3992292.75,827231.0
2022-09-24,4389755.92,811201.0
2022-09-25,3421510.81,760667.0
2022-09-26,2530675.28,1071979.0
2022-09-27,2773873.17,1091949.0
2022-09-28,2466111.39,1265767.0
2022-09-29,3269332.75,1126264.0
2022-09-30,3135314.18,953483.0
2022-10-01,4155451.66,993792.0
2022-10-02,3444809.77,1063799.0
2022-10-03,2428597.72,1027357.0
2022-10-04,2484313.55,1102518.0
2022-10-05,2724808.83,1182624.0
2022-10-06,3142604.72,1117424.0
2022-10-07,3659415.18,1071842.0
2022-10-08,3775165.44,1402869.0
2022-10-09,3221955.52,1184322.0
2022-10-10,2272054.76,809556.0
2022-10-11,2607396.29,920272.0
2022-10-12,2708054.19,1138068.0
2022-10-13,3155938.72,1090088.0
2022-10-14,3558575.02,1107093.0
2022-10-15,3989237.35,1220501.0
2022-10-16,3385339.19,1039185.0
2022-10-17,2607420.11,941094.0
2022-10-18,2818405.01,949078.0
2022-10-19,3063618.74,1018688.0
2022-10-20,3300745.14,1021455.0
2022-10-21,3690365.16,959271.0
2022-10-22,4150366.39,910319.0
2022-10-23,3421644.82,769133.0
2022-10-24,2617087.16,682148.0
2022-10-25,2594958.11,983307.0
2022-10-26,2997553.8,1058066.0
2022-10-27,3212432.26,1095695.0
2022-10-28,3862456.28,1055769.0
2022-10-29,5104304.29,977903.0
2022-10-30,4478539.66,1066892.0
2022-10-31,2803861.96,892017.0
2022-11-01,2815706.05,901281.0
2022-11-02,2673801.57,1094156.0
2022-11-03,2970784.14,1130740.0
2022-11-04,3389270.98,1094395.0
2022-11-05,4008293.71,1170951.0
2022-11-06,3344929.58,1065747.0
2022-11-07,2471104.61,1109793.0
2022-11-08,2769962.92,1116535.0
2022-11-09,2808100.35,1200619.0
2022-11-10,3198747.85,1167038.0
2022-11-11,3712535.69,1164415.0
2022-11-12,4017122.08,1234253.0
2022-11-13,3253256.77,1096751.0
2022-11-14,2476859.75,1047108.0
2022-11-15,3048219.22,851513.0
2022-11-16,3221968.87,797089.0
2022-11-17,3359197.73,1055281.0
2022-11-18,3758030.43,1006132.0
2022-11-19,4203100.62,1093680.0
2022-11-20,3488838.38,812262.0
2022-11-21,2526306.2,849507.0
2022-11-22,2618856.93,1053111.0
2022-11-23,2884267.63,1124145.0
2022-11-24,3137645.32,1082253.0
2022-11-25,3768384.41,984335.0
2022-11-26,4206232.28,1047435.0
2022-11-27,3279258.1,1059720.0
2022-11-28,2464441.98,1029001.0
2022-11-29,2706121.37,1109946.0
2022-11-30,3354023.37,984374.0
2022-12-01,4009625.17,938965.0
2022-12-02,4222287.35,960466.0
2022-12-03,4450918.97,1101362.0
2022-12-04,3281570.01,1056196.0
2022-12-05,2550272.22,1073075.0
2022-12-06,2736336.28,1246155.0
2022-12-07,3064252.75,1362307.0
2022-12-08,4047635.97,1204069.0
2022-12-09,4629164.82,1045126.0
2022-12-10,5007992.47,1143542.0
2022-12-11,3612651.35,887070.0
2022-12-12,2711736.31,938615.0
2022-12-13,3230077.51,925170.0
2022-12-14,3602049.57,1006345.0
2022-12-15,4373648.58,708062.0
2022-12-16,4866949.59,780871.0
2022-12-17,5041451.49,1041866.0
2022-12-18,3905358.74,884690.0
2022-12-19,2846776.14,808227.0
2022-12-20,3103773.93,928849.0
2022-12-21,3454659.36,907561.0
2022-12-22,3776507.04,892596.0
2022-12-23,3554532.7,539453.0
2022-12-24,3606332.47,592341.0
2022-12-25,2781488.77,584070.0
2022-12-26,2420777.0,822983.0
2022-12-27,2470901.25,1209291.0
2022-12-28,2461280.08,1351788.0
2022-12-29,2606827.4,1386962.0
2022-12-30,3179213.86,1277420.0
2022-12-31,4418436.94,1185154.0
2023-01-01,5175888.93,889018.0
2023-01-02,1843447.98,1178996.0
2023-01-03,2095634.03,1542961.0
2023-01-04,2351963.98,1503931.0
2023-01-05,2362569.88,1771268.0
2023-01-06,2789243.45,1758896.0
2023-01-07,3199514.67,1675710.0
2023-01-08,2644260.92,1359014.0
2023-01-09,2243317.45,1617999.0
2023-01-10,2375335.03,1658922.0
2023-01-11,2530995.67,1745592.0
2023-01-12,2805761.71,1651769.0
2023-01-13,3396840.47,1179205.0
2023-01-14,3692427.63,1484036.0
2023-01-15,2927448.37,1350752.0
2023-01-16,2384400.66,1416602.0
2023-01-17,2583156.34,1506658.0
2023-01-18,2607085.75,1819846.0
2023-01-19,3059322.64,1655568.0
2023-01-20,3455010.55,1615932.0
2023-01-21,3896821.48,1731092.0
2023-01-22,3206893.8,1264742.0
2023-01-23,2509792.15,1389274.0
2023-01-24,2648491.97,1504355.0
2023-01-25,3020033.9,1138769.0
2023-01-26,3003996.33,1167191.0
2023-01-27,3680888.11,1155943.0
2023-01-28,3880248.81,1623743.0
2023-01-29,3175477.31,1121152.0
2023-01-30,2556382.27,1335693.0
2023-01-31,2933819.54,1240903.0
2023-02-01,3112233.93,1360727.0
2023-02-02,3194213.65,1527393.0
2023-02-03,3855717.01,1354266.0
2023-02-04,3763337.94,1465822.0
2023-02-05,2932418.99,1393482.0
2023-02-06,2469757.25,1406152.0
2023-02-07,2640947.72,1555989.0
2023-02-08,2879701.85,1690943.0
2023-02-09,3299034.97,1564144.0
2023-02-10,3502751.7,1857058.0
2023-02-11,3887909.82,1896607.0
2023-02-12,3273265.26,1637632.0
2023-02-13,2520958.82,1512299.0
2023-02-14,3074074.26,1344238.0
2023-02-15,2936349.26,1714854.0
2023-02-16,3268914.59,1697515.0
2023-02-17,3815885.52,1491687.0
2023-02-18,3874481.18,1837695.0
2023-02-19,3345283.39,1508875.0
2023-02-20,2215182.41,1255107.0
2023-02-21,2847277.93,1545031.0
2023-02-22,3112768.78,1305402.0
2023-02-23,3490275.88,803194.0
2023-02-24,4320933.23,1089178.0
2023-02-25,4156971.85,1437835.0
2023-02-26,3250380.51,1389749.0
2023-02-27,2785640.6,1106995.0
2023-02-28,3100081.93,1159586.0
2023-03-01,3103959.67,1475349.0
2023-03-02,3218802.68,1633871.0
2023-03-03,3596823.0,1404520.0
2023-03-04,4246331.12,734848.0
2023-03-05,3464788.34,1129955.0
2023-03-06,2921478.76,1312403.0
2023-03-07,3193704.57,1364810.0
2023-03-08,3313481.86,1472683.0
2023-03-09,3287138.91,1692086.0
2023-03-10,3820053.35,1233073.0
2023-03-11,4281619.57,1338263.0
2023-03-12,3474115.37,1237998.0
2023-03-13,2665854.13,1306486.0
2023-03-14,2849053.68,1580152.0
2023-03-15,2986417.89,1658280.0
2023-03-16,3113085.85,1780199.0
2023-03-17,3980715.03,1658398.0
2023-03-18,4746997.12,1464289.0
2023-03-19,3433606.51,1316959.0
2023-03-20,2668659.12,1365762.0
2023-03-21,2780895.07,1688602.0
2023-03-22,2959849.43,1828021.0
2023-03-23,3241892.02,1796704.0
2023-03-24,3613251.24,1886723.0
2023-03-25,4188593.53,1726465.0
2023-03-26,3261116.64,1557314.0
2023-03-27,2651070.0,1741772.0
2023-03-28,2932143.42,1780736.0
2023-03-29,3366727.93,1687318.0
2023-03-30,3483984.05,1676206.0
2023-03-31,4110207.72,1462475.0
2023-04-01,4661920.12,1473959.0
2023-04-02,3552909.06,1348847.0
2023-04-03,2658409.01,1586774.0
2023-04-04,2974161.76,1669567.0
2023-04-05,3595655.61,1471992.0
2023-04-06,3798245.48,1457404.0
2023-04-07,3262170.29,1841343.0
2023-04-08,3632382.88,1788380.0
2023-04-09,3086820.52,1387937.0
2023-04-10,2491927.49,1585150.0
2023-04-11,2993294.96,1681475.0
2023-04-12,3367449.65,1561506.0
2023-04-13,3557962.24,1515602.0
2023-04-14,4113199.16,1305002.0
2023-04-15,4755872.51,1268212.0
2023-04-16,3855704.17,1021367.0
2023-04-17,2969925.32,1308662.0
2023-04-18,3256818.22,1440920.0
2023-04-19,3373489.94,1543810.0
2023-04-20,3881420.78,1291817.0
2023-04-21,4651802.52,723660.0
2023-04-22,4740736.58,1007419.0
2023-04-23,3785125.64,960814.0
2023-04-24,2965705.0,1464985.0
2023-04-25,3369551.4,1594770.0
2023-04-26,3457007.14,1666817.0
2023-04-27,4041346.59,1570936.0
2023-04-28,4893029.89,1340059.0
2023-04-29,5198565.14,1328861.0
2023-04-30,4257493.9,1043797.0
2023-05-01,3132677.07,1395711.0
2023-05-02,3342610.38,1617649.0
2023-05-03,3457991.66,1708700.0
2023-05-04,3660281.58,1823738.0
2023-05-05,4124185.55,1745974.0
2023-05-06,4792381.68,1458618.0
2023-05-07,4230085.71,1126818.0
2023-05-08,2845648.93,1615501.0
2023-05-09,3088940.75,1695361.0
2023-05-10,3318897.11,1770191.0
2023-05-11,3703894.19,1784814.0
2023-05-12,4432461.7,1648584.0
2023-05-13,5130390.31,1402162.0
2023-05-14,4030312.6,1168166.0
2023-05-15,3030035.02,1431196.0
2023-05-16,3326448.84,1672900.0
2023-05-17,3583220.66,1709642.0
2023-05-18,3767485.65,1719211.0
2023-05-19,4093901.22,1851300.0
2023-05-20,4300188.81,1896908.0
2023-05-21,3954086.71,1280881.0
2023-05-22,2750732.25,1165598.0
2023-05-23,3161649.54,1575614.0
2023-05-24,3259502.4,1886937.0
2023-05-25,3675550.99,1858456.0
2023-05-26,4152377.37,1881711.0
2023-05-27,4878662.79,1583667.0
2023-05-28,4005599.64,1340576.0
2023-05-29,3034574.09,1508077.0
2023-05-30,3416886.73,1688048.0
2023-05-31,3701658.22,1613688.0
2023-06-01,4164926.07,1502696.0
2023-06-02,4412440.72,1637448.0
2023-06-03,5053742.42,1596843.0
2023-06-04,4101535.86,1112157.0
2023-06-05,3025543.75,1575229.0
2023-06-06,3221167.95,1839877.0
2023-06-07,3519882.15,1924913.0
2023-06-08,4037705.48,1881435.0
2023-06-09,4586159.66,1744311.0
2023-06-10,5451867.81,1501407.0
2023-06-11,4448898.53,1267648.0
2023-06-12,3581559.41,1336934.0
2023-06-13,3639798.54,1661511.0
2023-06-14,3874970.87,1797953.0
2023-06-15,4291299.57,1765475.0
2023-06-16,4487359.01,1780536.0
2023-06-17,5354072.67,1543324.0
2023-06-18,4471890.53,1179902.0
2023-06-19,3103590.46,1449068.0
2023-06-20,3400563.55,1681026.0
2023-06-21,3714166.15,1629284.0
2023-06-22,4041012.1,1743135.0
2023-06-23,5021329.26,1557007.0
2023-06-24,5468757.52,1606839.0
2023-06-25,4865827.16,1176203.0
2023-06-26,3733027.1,1306294.0
2023-06-27,3973190.76,1393605.0
2023-06-28,4208849.51,955853.0
2023-06-29,4106422.35,1349399.0
2023-06-30,4387900.66,1445409.0
2023-07-01,4399899.85,1496218.0
2023-07-02,3914709.68,1313758.0
2023-07-03,2923551.28,1325612.0
2023-07-04,3114254.45,1566629.0
2023-07-05,3321088.09,1666959.0
2023-07-06,3810918.87,1779748.0
2023-07-07,4214976.72,1727257.0
2023-07-08,5263568.12,1523829.0
2023-07-09,4465001.34,1407514.0
2023-07-10,3323318.37,1483354.0
2023-07-11,3269417.72,1766210.0
2023-07-12,3307362.25,2095559.0
2023-07-13,3659434.93,2110757.0
2023-07-14,4286814.05,1864941.0
2023-07-15,5140898.17,1660713.0
2023-07-16,4249517.02,1350246.0
2023-07-17,3099537.52,1575092.0
2023-07-18,3238300.63,1909727.0
2023-07-19,3576224.66,1950309.0
2023-07-20,4165229.19,1755987.0
2023-07-21,4121790.5,2096818.0
2023-07-22,4784608.4,1871405.0
2023-07-23,4031725.32,1544474.0
2023-07-24,3166624.9,1760031.0
2023-07-25,3344447.42,1923386.0
2023-07-26,3659544.94,1899031.0
2023-07-27,3780778.36,2100306.0
2023-07-28,4358433.45,1856728.0
2023-07-29,4929874.81,1919345.0
2023-07-30,4274042.75,1415409.0
2023-07-31,3294194.05,1516330.0
2023-08-01,3412077.49,1712603.0
2023-08-02,3425385.34,1983259.0
2023-08-03,4106193.71,1809892.0
2023-08-04,4672259.85,1922435.0
2023-08-05,5545123.68,1600053.0
2023-08-06,4963520.96,1417553.0
2023-08-07,3274255.65,1494900.0
2023-08-08,3293176.34,1795958.0
2023-08-09,3414265.59,2013066.0
2023-08-10,3715989.0,2058533.0
2023-08-11,4383399.35,2045477.0
2023-08-12,4781766.59,2157004.0
2023-08-13,4041403.41,1567142.0
2023-08-14,3073107.24,1831862.0
2023-08-15,3441010.45,1977579.0
2023-08-16,3592900.18,1974542.0
2023-08-17,3952397.31,2033479.0
2023-08-18,4312755.68,2006732.0
2023-08-19,5086501.81,1706067.0
2023-08-20,4459302.61,1343331.0
2023-08-21,3135466.31,1708693.0
2023-08-22,3250137.04,1918082.0
2023-08-23,3445243.9,2197487.0
2023-08-24,3825739.66,2053062.0
2023-08-25,4359259.68,1934493.0
2023-08-26,5038966.77,1832761.0
2023-08-27,4260199.69,1348105.0
2023-08-28,3234120.72,1599251.0
2023-08-29,3519522.31,1749359.0
2023-08-30,3652630.48,1828362.0
2023-08-31,3975308.63,1657716.0
2023-09-01,4417572.99,1746293.0
2023-09-02,4458669.14,2043954.0
2023-09-03,4393124.48,1414738.0
2023-09-04,3367046.44,1283665.0
2023-09-05,3505083.1,1538656.0
2023-09-06,3617758.46,1886098.0
2023-09-07,3938665.76,2074397.0
2023-09-08,4346594.09,2108635.0
2023-09-09,4690709.84,2268506.0
2023-09-10,4014018.83,1725766.0
2023-09-11,3448568.65,1809299.0
2023-09-12,3827494.94,1922222.0
2023-09-13,3718462.97,2106239.0
2023-09-14,4114266.37,2071150.0
2023-09-15,4738265.41,1866822.0
2023-09-16,5310176.0,1753884.0
2023-09-17,4333430.06,1617176.0
2023-09-18,3443573.5,1822933.0
2023-09-19,3649112.26,1947540.0
2023-09-20,3829923.12,1969727.0
2023-09-21,4088150.2,2057196.0
2023-09-22,4653469.39,1967669.0
2023-09-23,5037365.83,1970658.0
2023-09-24,4227076.39,1719569.0
2023-09-25,3164174.77,2040537.0
2023-09-26,3613641.3,2147520.0
2023-09-27,3771198.08,2219292.0
2023-09-28,4187003.46,2131495.0
2023-09-29,4724682.69,1969654.0
2023-09-30,5336749.07,1883914.0
2023-10-01,4342310.43,1568217.0
2023-10-02,3239747.94,2040579.0
2023-10-03,4089852.5,1900365.0
2023-10-04,3717851.54,2264573.0
2023-10-05,4221755.42,2186054.0
2023-10-06,4534751.03,2206699.0
2023-10-07,4924779.79,2352936.0
2023-10-08,4426689.93,1799386.0
2023-10-09,2884098.62,1630198.0
2023-10-10,3521532.15,1984020.0
2023-10-11,3616204.55,2280486.0
2023-10-12,3984737.35,2194095.0
2023-10-13,4467687.23,2240933.0
2023-10-14,4892984.24,2288703.0
2023-10-15,4199873.44,1810424.0
2023-10-16,3433734.01,2096948.0
2023-10-17,3688897.69,2183677.0
2023-10-18,3705516.36,2434312.0
2023-10-19,4073142.06,2397716.0
2023-10-20,4712230.5,2191729.0
2023-10-21,5245105.73,2139108.0
2023-10-22,4206087.35,1815521.0
2023-10-23,3264868.07,2405295.0
2023-10-24,3477875.13,2621547.0
2023-10-25,3812282.32,2641195.0
2023-10-26,4181762.23,2585303.0
2023-10-27,4830539.61,2551399.0
2023-10-28,6240736.09,2220660.0
2023-10-29,5194052.12,2544059.0
2023-10-30,3378665.96,1797684.0
2023-10-31,3765633.97,1817802.0
2023-11-01,4138341.9,1836011.0
2023-11-02,3913492.08,2202123.0
2023-11-03,4292126.47,2398685.0
2023-11-04,5002715.96,2250213.0
2023-11-05,3930517.71,2120744.0
2023-11-06,3347014.96,2097295.0
2023-11-07,3433374.9,2261851.0
2023-11-08,4037087.08,2101898.0
2023-11-09,3929998.82,2244192.0
2023-11-10,4477487.96,2220247.0
2023-11-11,4914405.52,2084734.0
2023-11-12,4153290.95,1394858.0
2023-11-13,3186338.73,1800690.0
2023-11-14,3445736.81,2099167.0
2023-11-15,3731775.8,2137462.0
2023-11-16,4084089.99,2078559.0
2023-11-17,4515129.7,2330779.0
2023-11-18,5066403.22,2135906.0
2023-11-19,3970264.49,1768986.0
2023-11-20,3217360.37,2004898.0
2023-11-21,3811071.83,1874396.0
2023-11-22,3604936.05,2277969.0
2023-11-23,4031114.06,2270768.0
2023-11-24,4785076.42,1959243.0
2023-11-25,5077349.42,2123757.0
2023-11-26,4085408.34,1649083.0
2023-11-27,3296771.15,1917927.0
2023-11-28,3663874.32,1930774.0
2023-11-29,3973491.14,1999271.0
2023-11-30,4749299.78,1790231.0
2023-12-01,5615732.94,1688862.0
2023-12-02,5389197.15,1933743.0
2023-12-03,3942110.37,1702284.0
2023-12-04,3177908.72,2110465.0
2023-12-05,3556689.17,2205097.0
2023-12-06,4053293.15,2249908.0
2023-12-07,4841507.43,2028217.0
2023-12-08,5325497.74,2078624.0
2023-12-09,5765811.83,1990155.0
2023-12-10,4027147.76,1881601.0
2023-12-11,3284563.23,2320302.0
2023-12-12,3685328.47,2338351.0
2023-12-13,4230680.98,2345177.0
2023-12-14,5041026.54,2180090.0
2023-12-15,5461358.29,2060189.0
2023-12-16,5477407.78,2491842.0
2023-12-17,4230832.15,1989273.0
2023-12-18,3439047.7,1946581.0
2023-12-19,3842895.72,2081904.0
2023-12-20,4025391.77,2356508.0
2023-12-21,4371863.72,2341506.0
2023-12-22,4883242.22,2344290.0
2023-12-23,4691702.75,2572395.0
2023-12-24,3884437.05,2216635.0
2023-12-25,2911982.4,1549891.0
2023-12-26,2675407.54,2256087.0
2023-12-27,3015884.17,2669720.0
2023-12-28,3104645.87,2961654.0
2023-12-29,3696756.95,2927927.0
2023-12-30,3836268.05,2948126.0
2023-12-31,4773037.37,2624746.0
2024-01-01,5481800.52,1974551.0
2024-01-02,2600231.24,2443615.0
2024-01-03,2648293.1,2972527.0
2024-01-04,2878299.55,3009147.0
2024-01-05,3326083.1,3305554.0
2024-01-06,3738518.43,2849839.0
2024-01-07,3233338.11,2022196.0
2024-01-08,2839209.1,2812483.0
2024-01-09,3267111.45,2339616.0
2024-01-10,3190498.13,3014920.0
2024-01-11,3475616.94,3026912.0
2024-01-12,4131561.75,2365754.0
2024-01-13,4252319.14,2335679.0
2024-01-14,3617730.05,1977095.0
2024-01-15,3411058.46,2254719.0
2024-01-16,3665627.35,2152364.0
2024-01-17,3744832.8,2445284.0
2024-01-18,3890041.36,2627641.0
2024-01-19,4411165.72,2570646.0
2024-01-20,4683563.81,2555910.0
2024-01-21,3940340.69,1925302.0
2024-01-22,3208160.66,2408637.0
2024-01-23,3305944.25,2345222.0
2024-01-24,3649938.59,2321600.0
2024-01-25,3638383.13,2638662.0
2024-01-26,4163150.98,2757023.0
2024-01-27,4300067.28,2935459.0
2024-01-28,3469179.21,2496136.0
2024-01-29,2948217.85,2713482.0
2024-01-30,3281959.12,2948357.0
2024-01-31,3504559.59,2782474.0
2024-02-01,3648671.49,2937503.0
2024-02-02,4023062.09,2990141.0
2024-02-03,4276164.99,3052243.0
2024-02-04,3417125.05,2446918.0
2024-02-05,2921171.23,2937543.0
2024-02-06,3133598.49,2933568.0
2024-02-07,3285338.87,3118614.0
2024-02-08,3530417.5,3108623.0
2024-02-09,4067550.2,3028222.0
2024-02-10,4379944.86,3133273.0
2024-02-11,3721140.05,2559235.0
2024-02-12,3059918.15,2950830.0
2024-02-13,3306187.31,2998868.0
2024-02-14,3895392.5,2044250.0
2024-02-15,4248522.81,1955419.0
2024-02-16,4278726.14,2439930.0
2024-02-17,4436471.73,2881666.0
2024-02-18,3859498.51,2391347.0
2024-02-19,2596087.99,1923866.0
2024-02-20,3360072.86,2616619.0
2024-02-21,3425394.31,3072524.0
2024-02-22,3665975.51,3200007.0
2024-02-23,4284860.39,3117365.0
2024-02-24,4726560.24,3015249.0
2024-02-25,3695895.9,2614017.0
2024-02-26,3039420.57,3068582.0
2024-02-27,3434469.73,3020387.0
2024-02-28,3620461.61,3145928.0
2024-02-29,4021236.22,2893830.0
2024-03-01,4224468.32,3003748.0
2024-03-02,4413569.36,2783752.0
2024-03-03,3634668.78,2619712.0
2024-03-04,3248123.48,2905061.0
2024-03-05,3581849.18,2945993.0
2024-03-06,3705208.5,3164714.0
2024-03-07,3690816.26,3239993.0
2024-03-08,4195820.14,3103386.0
2024-03-09,4462967.79,3322457.0
2024-03-10,3709329.52,2343804.0
2024-03-11,2900556.74,2934206.0
2024-03-12,3038606.65,3242252.0
2024-03-13,3303457.16,3206785.0
2024-03-14,3766888.59,3152854.0
2024-03-15,4071478.31,3022506.0
2024-03-16,4674889.77,3239149.0
2024-03-17,3853825.18,2509363.0
2024-03-18,3144311.04,3096407.0
2024-03-19,3426978.05,2955524.0
2024-03-20,3763185.5,2826449.0
2024-03-21,3927381.5,3057178.0
2024-03-22,4711849.32,1958996.0
2024-03-23,4880789.03,2137332.0
2024-03-24,3706983.8,2381774.0
2024-03-25,3173649.15,2778079.0
2024-03-26,3479705.17,2958907.0
2024-03-27,3671993.3,3024515.0
2024-03-28,4497808.61,2502171.0
2024-03-29,3673816.63,3276987.0
2024-03-30,4246962.27,3018851.0
2024-03-31,3566682.27,2435035.0
2024-04-01,2847277.39,2754035.0
2024-04-02,3462114.8,2868985.0
2024-04-03,3998248.49,2609061.0
2024-04-04,3847957.97,2947984.0
2024-04-05,4328916.18,2883038.0
2024-04-06,4580768.78,2844374.0
2024-04-07,3730670.34,2394529.0
2024-04-08,3168196.93,2499436.0
2024-04-09,3667545.29,2527054.0
2024-04-10,4012403.09,1529050.0
2024-04-11,4511732.63,2134433.0
2024-04-12,4631651.04,2529883.0
2024-04-13,5033623.64,2486825.0
2024-04-14,4065583.84,2078377.0
2024-04-15,3305434.43,2731618.0
2024-04-16,3638722.61,2814481.0
2024-04-17,4278504.39,2685542.0
2024-04-18,4049756.21,3039140.0
2024-04-19,4572667.71,2978194.0
2024-04-20,5040632.31,2759429.0
2024-04-21,3974788.18,2250152.0
2024-04-22,3358060.76,2619363.0
2024-04-23,3420007.73,3177218.0
2024-04-24,3766783.69,3246249.0
2024-04-25,4134241.99,2960353.0
2024-04-26,4857007.77,2722002.0
2024-04-27,5126571.94,2835723.0
2024-04-28,4223292.26,2128726.0
2024-04-29,3344379.61,2564238.0
2024-04-30,3782642.31,2693816.0
2024-05-01,4018664.05,2648392.0
2024-05-02,4021018.36,2913230.0
2024-05-03,4607979.17,2845265.0
2024-05-04,4950011.68,2641468.0
2024-05-05,4506185.36,1959807.0
2024-05-06,3280554.25,2381464.0
2024-05-07,3365659.65,2943335.0
2024-05-08,3708590.13,3124138.0
2024-05-09,3819354.91,3192523.0
2024-05-10,4322707.03,3048852.0
2024-05-11,5149988.99,2593094.0
2024-05-12,4077119.12,2079559.0
2024-05-13,3502389.19,2654696.0
2024-05-14,3472369.1,3056325.0
2024-05-15,3719634.11,2667597.0
2024-05-16,4015479.15,2871754.0
2024-05-17,4474517.99,3065355.0
2024-05-18,4648114.1,2846103.0
2024-05-19,4309932.71,2046103.0
2024-05-20,3172511.4,1890267.0
2024-05-21,3518915.07,2644119.0
2024-05-22,3581113.43,2980394.0
2024-05-23,4080917.0,2890643.0
2024-05-24,4503773.02,2959975.0
2024-05-25,5158759.34,2944615.0
2024-05-26,4346405.59,2152253.0
2024-05-27,3507520.93,2765187.0
2024-05-28,3619564.16,3074868.0
2024-05-29,3718636.2,3140289.0
2024-05-30,4111823.11,2902165.0
2024-05-31,4777109.21,2674270.0
2024-06-01,5821999.58,2393514.0
2024-06-02,4410053.26,2138430.0
2024-06-03,3398411.26,2755559.0
2024-06-04,3619056.71,2850892.0
2024-06-05,3896773.85,3075784.0
2024-06-06,4360205.97,2846720.0
2024-06-07,4717491.8,3221574.0
2024-06-08,5263218.72,2742692.0
2024-06-09,4320952.83,2179414.0
2024-06-10,3450266.6,2709666.0
2024-06-11,3721986.93,2815805.0
2024-06-12,3960919.27,2916504.0
2024-06-13,4475225.98,2745649.0
2024-06-14,5000405.14,2468574.0
2024-06-15,5687423.92,2223874.0
2024-06-16,4868797.61,1355377.0
2024-06-17,3775561.08,1751235.0
2024-06-18,4389154.35,2102617.0
2024-06-19,4773928.82,2258526.0
2024-06-20,5038588.53,2218675.0
2024-06-21,4950586.64,2607472.0
2024-06-22,5542043.66,2608545.0
2024-06-23,4558064.53,2283942.0
2024-06-24,3788330.39,2447567.0
2024-06-25,4076415.03,2743015.0
2024-06-26,4523636.54,2707663.0
2024-06-27,4431452.3,2861517.0
2024-06-28,4991241.63,2774918.0
2024-06-29,4955521.68,3302177.0
2024-06-30,4762197.15,2295804.0
2024-07-01,3620273.57,1686265.0
2024-07-02,3441252.13,2593333.0
2024-07-03,3421696.74,3303066.0
2024-07-04,3736452.61,3271264.0
2024-07-05,4299810.59,3182003.0
2024-07-06,4869014.64,3106140.0
2024-07-07,4265893.58,2383882.0
2024-07-08,3236088.88,3040051.0
2024-07-09,3429627.15,3263771.0
2024-07-10,4091257.8,3384247.0
2024-07-11,3905312.22,3420638.0
2024-07-12,4617929.53,3034235.0
2024-07-13,5366482.15,2630696.0
2024-07-14,4851892.77,2086579.0
2024-07-15,3780905.64,2516523.0
2024-07-16,4407744.78,2188257.0
2024-07-17,3836267.23,2937545.0
2024-07-18,4199574.53,2820270.0
2024-07-19,4576828.95,2787810.0
2024-07-20,5247221.39,2668446.0
2024-07-21,4367912.78,2360818.0
2024-07-22,3289152.7,2814435.0
2024-07-23,3600348.65,3011547.0
2024-07-24,3946390.65,3157144.0
2024-07-25,4337055.48,2979817.0
2024-07-26,4658154.81,3116020.0
2024-07-27,5515571.06,2720650.0
2024-07-28,4559264.22,2352457.0
2024-07-29,3405055.39,2823968.0
2024-07-30,3553333.55,3216691.0
2024-07-31,4072981.18,2838506.0
2024-08-01,4440235.88,2753434.0
2024-08-02,5160079.09,2990282.0
2024-08-03,5659731.71,2840036.0
2024-08-04,5025521.02,2534566.0
2024-08-05,3709638.54,2176377.0
2024-08-06,3642163.54,2953535.0
2024-08-07,3707523.73,3132016.0
2024-08-08,4062564.81,3280830.0
2024-08-09,4737506.3,3258754.0
2024-08-10,5132899.23,3427539.0
2024-08-11,4198819.92,2914257.0
2024-08-12,3529523.32,2987189.0
2024-08-13,3657221.36,3141928.0
2024-08-14,3924085.96,3115460.0
2024-08-15,4421992.33,2937019.0
2024-08-16,4992404.54,2837206.0
2024-08-17,5321223.51,2959573.0
2024-08-18,4437841.71,2362040.0
2024-08-19,3660766.02,2747527.0
2024-08-20,3866250.8,2895329.0
2024-08-21,3912674.43,3296546.0
2024-08-22,4319393.68,3126558.0
2024-08-23,4761171.4,3110794.0
2024-08-24,5241322.84,2983583.0
2024-08-25,4563269.67,2202591.0
2024-08-26,3567448.09,2434309.0
2024-08-27,3742066.37,2956481.0
2024-08-28,3930192.48,3169743.0
2024-08-29,4088173.01,3251441.0
2024-08-30,4770971.34,2951621.0
2024-08-31,5170140.77,2887683.0
2024-09-01,4839808.1,2194530.0
2024-09-02,3431641.28,2235380.0
2024-09-03,3771206.12,2698769.0
2024-09-04,3714205.99,3269332.0
2024-09-05,4089888.97,3316073.0
2024-09-06,4751275.14,3374579.0
2024-09-07,5320604.29,3315574.0
2024-09-08,4287052.84,2901761.0
2024-09-09,3804025.02,3025036.0
2024-09-10,4140614.07,2914935.0
2024-09-11,4236447.45,3096226.0
2024-09-12,4412750.82,3147639.0
2024-09-13,4835796.49,3135321.0
2024-09-14,5597773.19,2812587.0
2024-09-15,4615746.03,2298536.0
2024-09-16,3522604.31,2953928.0
2024-09-17,3849817.32,3218408.0
2024-09-18,4015330.34,3296862.0
2024-09-19,4512886.42,3182758.0
2024-09-20,5043589.86,3078637.0
2024-09-21,6026088.54,2502857.0
2024-09-22,4456726.2,2381826.0
2024-09-23,3851308.01,3032709.0
2024-09-24,4152422.1,3076542.0
2024-09-25,4167052.12,3312463.0
2024-09-26,4498800.68,3128805.0
2024-09-27,5216234.62,3012346.0
2024-09-28,5572731.32,3271801.0
2024-09-29,4332082.85,2669661.0
2024-09-30,3521349.98,3026057.0
2024-10-01,3982286.12,3074704.0
2024-10-02,3946742.04,3381896.0
2024-10-03,4043571.45,3570980.0
2024-10-04,4734264.08,3515543.0
2024-10-05,5365651.64,3227006.0
2024-10-06,4333483.04,2850441.0
2024-10-07,3462005.69,3476852.0
2024-10-08,3826261.09,3654309.0
2024-10-09,4097453.72,3671654.0
2024-10-10,4562646.52,3320259.0
2024-10-11,4765214.1,3299739.0
2024-10-12,4821265.84,3519158.0
2024-10-13,4317590.2,2826728.0
2024-10-14,3088065.76,2397261.0
2024-10-15,4144286.89,2856676.0
2024-10-16,4201408.68,3165348.0
2024-10-17,4514820.36,3120763.0
2024-10-18,5155137.05,3044197.0
2024-10-19,5529724.09,3166791.0
2024-10-20,4600494.32,2375595.0
2024-10-21,3730777.89,2916309.0
2024-10-22,3925114.85,3295615.0
2024-10-23,4261899.55,3436676.0
2024-10-24,4687494.59,3288026.0
2024-10-25,5169774.4,4144243.0
2024-10-26,5942913.2,4060638.0
2024-10-27,4889637.3,3811686.0
2024-10-28,3745488.51,2931205.0
2024-10-29,3988104.59,3186032.0
2024-10-30,4141346.47,3190800.0
2024-10-31,4789891.25,2911664.0
2024-11-01,5687998.3,2842542.0
2024-11-02,5587908.71,3326948.0
2024-11-03,4228402.03,3298375.0
2024-11-04,3466724.86,3181625.0
2024-11-05,3869864.65,3316914.0
2024-11-06,4137575.88,3403480.0
2024-11-07,4579709.84,3216398.0
2024-11-08,4979247.94,3300139.0
2024-11-09,5319443.1,3390786.0
2024-11-10,4226495.07,2569629.0
2024-11-11,3442062.47,3292195.0
2024-11-12,3929064.02,3424014.0
2024-11-13,4148449.27,3642707.0
2024-11-14,4515204.14,3876819.0
2024-11-15,5060239.12,3833557.0
2024-11-16,5274683.51,4115325.0
2024-11-17,4197473.65,3359204.0
2024-11-18,3537638.36,3091253.0
2024-11-19,3945439.17,3321247.0
2024-11-20,4507006.66,3255346.0
2024-11-21,4774207.1,3329386.0
2024-11-22,5407872.81,3362774.0
2024-11-23,5519953.44,3520270.0
2024-11-24,4471632.59,2628908.0
2024-11-25,3503548.69,2973526.0
2024-11-26,3925188.5,3155637.0
2024-11-27,4160780.12,3305970.0
2024-11-28,4753000.21,3237473.0
2024-11-29,5610807.28,2618584.0
2024-11-30,6258740.38,2670478.0
2024-12-01,4542268.12,2294358.0
2024-12-02,3826628.54,2729225.0
2024-12-03,4298468.2,2975709.0
2024-12-04,5260980.83,2485650.0
2024-12-05,5994390.63,2339614.0
2024-12-06,6358150.87,2430704.0
2024-12-07,6541378.66,2542442.0
2024-12-08,4333171.55,2327109.0
2024-12-09,4024786.87,2981443.0
2024-12-10,4450071.71,2829617.0
2024-12-11,5023316.15,3038147.0
2024-12-12,6135151.03,2743794.0
2024-12-13,6552321.21,2534944.0
2024-12-14,6546321.09,2765701.0
2024-12-15,4779156.99,2369695.0
2024-12-16,3964516.91,2657044.0
2024-12-17,4295449.19,3058627.0
2024-12-18,4617618.02,3139218.0
2024-12-19,5167575.03,3150202.0
2024-12-20,6221989.64,2366630.0
2024-12-21,6112509.39,2215189.0
2024-12-22,4804796.73,2381647.0
2024-12-23,4449275.63,2111829.0
2024-12-24,4240930.11,2662193.0
2024-12-25,3301943.05,2450710.0
2024-12-26,3065516.51,3514832.0
2024-12-27,3758914.0,4018733.0
2024-12-28,4027413.44,4273198.0
2024-12-29,3860581.3,2956603.0
2024-12-30,3197220.76,3709466.0
2024-12-31,5037034.43,3817426.0
2025-01-01,5024687.72,2611282.0
2025-01-02,2931168.73,3826790.0
2025-01-03,3501566.57,4121833.0
2025-01-04,3741900.72,4333445.0
2025-01-05,3223289.07,3156074.0
2025-01-06,3286326.04,3793629.0
2025-01-07,3432069.4,3746728.0
2025-01-08,3570982.28,3936677.0
2025-01-09,3760918.13,3948561.0
2025-01-10,4362001.08,3724392.0
2025-01-11,4556470.15,3395729.0
2025-01-12,3561186.34,2968312.0
2025-01-13,3669596.3,3327967.0
2025-01-14,3932025.72,3438932.0
2025-01-15,4107229.72,3542463.0
2025-01-16,4492620.16,3047047.0
2025-01-17,4717688.08,3292096.0
2025-01-18,4958201.1,3491721.0
2025-01-19,3917320.7,2621295.0
2025-01-20,3974836.97,2986405.0
2025-01-21,4358790.74,3117485.0
2025-01-22,4609570.9,3176256.0
2025-01-23,4682083.12,3194841.0
2025-01-24,4899795.04,3397189.0
2025-01-25,4982144.3,3032988.0
2025-01-26,4055506.99,2569451.0
2025-01-27,3786974.6,3275140.0
2025-01-28,4543826.97,2637346.0
2025-01-29,4483245.2,2846222.0
2025-01-30,4490236.1,3286924.0
2025-01-31,5107984.8,3083601.0
2025-02-01,5345302.8,2991965.0
2025-02-02,4069964.15,2331181.0
2025-02-03,3710816.62,2937500.0
2025-02-04,4044339.96,3279919.0
2025-02-05,4186910.83,3382926.0
2025-02-06,4562976.74,3025866.0
2025-02-07,5005146.99,3145552.0
2025-02-08,5029915.26,3176466.0
2025-02-09,4497110.26,1879338.0
2025-02-10,3777240.67,2984347.0
2025-02-11,4158050.86,3266589.83
2025-02-12,4479997.31,2853533.94
2025-02-13,4457477.38,1701744.42
2025-02-14,6518285.5,1665303.35
2025-02-15,5408479.01,2217914.36
2025-02-16,4671870.84,900243.82
2025-02-17,3658229.95,1456878.1
2025-02-18,5521010.9,1588315.88
2025-02-19,5296694.49,1944299.26
2025-02-20,5381118.61,2188639.64
2025-02-21,5851121.38,2267044.96
2025-02-22,5953536.0,2540617.21
2025-02-23,4617301.27,1925361.89
2025-02-24,3906558.37,2715367.8
2025-02-25,4411214.89,3016110.4
2025-02-26,4444966.5,3091297.54
2025-02-27,4895641.17,2953251.32
2025-02-28,5267422.74,2793006.54
2025-03-01,6064425.04,2758849.18
2025-03-02,4706526.04,2743857.04
2025-03-03,4025628.99,2853888.04
2025-03-04,4326011.58,3174948.2
2025-03-05,4753546.85,3166988.08
2025-03-06,4616101.76,3369593.8
2025-03-07,4928196.85,3571254.98
2025-03-08,5445617.33,3482222.06
2025-03-09,4194146.62,2777140.86
2025-03-10,3530422.85,3341483.69
2025-03-11,3719505.88,3749844.77
2025-03-12,3940875.42,3915101.22
2025-03-13,4172800.49,3988093.37
2025-03-14,4747301.66,3887770.65
2025-03-15,5468583.92,4002702.25
2025-03-16,4370344.47,3346092.81
2025-03-17,3793504.13,3616913.09
2025-03-18,3976856.84,3800297.41
2025-03-19,4161866.21,3944214.89
2025-03-20,4592959.93,3668612.85
2025-03-21,4988351.52,3778533.11
2025-03-22,5695579.91,3933020.92
2025-03-23,4537582.06,3137459.65
2025-03-24,3889579.64,3532575.09
2025-03-25,4117646.99,3910894.01
2025-03-26,4336649.07,3898072.21
2025-03-27,4696977.87,3663396.88
2025-03-28,5277198.46,3499104.65
2025-03-29,5753156.55,3117115.3
2025-03-30,4506139.32,1639684.4
2025-03-31,3877857.01,2558418.48
2025-04-01,4116698.18,3511120.0
2025-04-02,5183022.66,3024140.05
2025-04-03,4849128.77,3581778.57
2025-04-04,5236802.67,3851473.18
2025-04-05,5628183.23,3982586.14
2025-04-06,4393724.94,3165538.49
2025-04-07,3854321.06,3842278.2
2025-04-08,4625087.92,3759033.82
2025-04-09,4428532.29,4160734.77
2025-04-10,4855942.87,3942776.32
2025-04-11,5205797.29,4016100.55
2025-04-12,5765633.69,3932581.87
2025-04-13,4523296.87,2983962.07
2025-04-14,3774116.21,3840235.72
2025-04-15,4180326.75,4036943.12
2025-04-16,4399158.6,4154926.6
2025-04-17,5290316.11,3347820.88
2025-04-18,4021238.55,4356211.33
2025-04-19,4724704.25,4061704.53
2025-04-20,4191924.0,3114471.12
2025-04-21,3442495.06,3529180.42
2025-04-22,4214531.01,4042318.48
2025-04-23,4375111.5,4148447.06
2025-04-24,4789610.79,4124669.94
2025-04-25,5260551.19,4116513.91
2025-04-26,6011832.34,3787429.74
2025-04-27,4920945.86,2838792.63
2025-04-28,3947599.22,3416591.46
2025-04-29,4637138.7,3570283.78
2025-04-30,4866647.67,3421868.19
2025-05-01,5335306.01,3491085.62
2025-05-02,5062556.01,3909206.72
2025-05-03,5582596.36,3991205.39
2025-05-04,4882773.12,2823286.14
2025-05-05,3966105.87,3673178.03
2025-05-06,4188328.8,3974680.9
2025-05-07,4536008.32,4077148.58
2025-05-08,4694902.86,4077714.4
2025-05-09,5232058.78,3915626.63
2025-05-10,5729706.38,3648816.13
2025-05-11,4741854.5,2884664.22
2025-05-12,3899681.44,3528823.69
2025-05-13,4392344.4,3968935.36
2025-05-14,4681741.39,4063183.36
2025-05-15,4833672.9,3997989.59
2025-05-16,5412476.45,3909341.91
2025-05-17,5242762.27,4300774.97
2025-05-18,4749848.29,3299690.04
2025-05-19,3326252.2,2886799.95
2025-05-20,3925420.85,3912454.25
2025-05-21,4910922.76,3633624.87
2025-05-22,5261278.4,3299674.72
2025-05-23,5276401.92,4177327.76
2025-05-24,6071089.59,3945169.57
2025-05-25,5035810.73,3127440.32
2025-05-29,4930593.79,4020770.73
2025-05-30,5558810.65,3570851.73
2025-05-31,5916364.18,3673271.06
2025-06-01,4695025.35,2845763.61
2025-06-02,3825032.4,3595535.01
2025-06-03,4243526.11,3406381.4
2025-06-04,4643703.37,3780617.24
2025-06-05,5186486.39,3405892.57
2025-06-06,5499841.7,1988187.17
2025-06-07,6405651.62,2293319.8
2025-06-08,4989581.61,2362606.29
2025-06-09,3954116.76,3499738.86
2025-06-10,4421759.15,3760261.85
2025-06-11,4688614.59,3515169.53
2025-06-12,5251533.87,3664558.26
2025-06-13,5643911.54,3583061.5
2025-06-14,6332403.16,3325308.95
2025-06-15,4952926.45,2662413.55
2025-06-16,3987022.68,3307684.67
2025-06-17,4476497.87,3583683.89
2025-06-18,4949722.56,3733023.33
2025-06-19,5307605.61,3690580.19
2025-06-20,5654542.84,3614819.87
2025-06-21,6371738.99,3617997.19
2025-06-22,5538013.87,2471055.45
2025-06-23,4448490.23,2703558.97
2025-06-24,4919129.59,2917547.24
2025-06-25,4849280.14,3372833.01
2025-06-26,5032948.72,3555197.56
2025-06-27,5146057.28,3852745.5
2025-06-28,5743198.77,3867180.63
2025-06-29,5184933.04,2857089.86
2025-06-30,4233474.43,3173558.24
2025-07-01,3446777.89,2941733.5
2025-07-02,4144188.1,3973883.94
2025-07-03,4119407.71,4615706.26
2025-07-04,4821058.21,4446376.91
2025-07-05,5866596.64,4178168.67
2025-07-06,4826123.06,3294637.62
2025-07-07,4031409.25,3946319.17
2025-07-08,4359339.66,4356996.2
2025-07-09,4324447.2,4535448.78
2025-07-10,4623934.09,4434329.22
2025-07-11,5469311.29,4143988.03
2025-07-12,6531410.94,3677950.03
2025-07-13,5120179.84,3161477.13
2025-07-14,3987153.9,3635926.24
2025-07-15,4303415.99,4003264.32
2025-07-16,4397442.15,4205450.26
2025-07-17,4896836.27,4265591.7
2025-07-18,5334020.71,4074744.85
2025-07-19,6098832.35,3945673.03
2025-07-20,5062944.62,3221762.16
2025-07-21,4110042.71,3769594.63
2025-07-22,4506067.24,4161121.11
2025-07-23,4806379.81,4097308.73
2025-07-24,5232439.74,3839709.83
2025-07-25,5306085.2,4405165.43
2025-07-26,6774247.42,3807072.42
2025-07-27,5354795.09,3213110.17
2025-07-28,4275100.24,3610936.47
2025-07-29,4438584.68,4058899.93
2025-07-30,4639429.29,4232890.03
2025-07-31,5072071.82,4007617.79
2025-08-01,5698103.39,3856887.69
2025-08-02,6116088.45,4305590.57
2025-08-03,5506806.15,3619053.91
2025-08-04,3914350.93,3206147.54
2025-08-05,3985597.6,3749897.29
2025-08-06,4070499.83,4664940.28
2025-08-07,4596147.5,4622564.32
2025-08-08,5315426.36,4414908.76
2025-08-09,5799906.17,4348670.85
2025-08-10,4701247.1,3514805.49
2025-08-11,4097751.38,3806045.56
2025-08-12,4441465.54,4046203.01
2025-08-13,4621110.99,4224900.61
2025-08-14,4907805.72,4131781.07
2025-08-15,5288162.34,4289404.01
2025-08-16,6015623.71,4241181.87
2025-08-17,4859848.79,3627981.65
2025-08-18,3820426.54,3964124.35
2025-08-19,4750199.89,4031736.97
2025-08-20,4794198.47,4323252.32
2025-08-21,4961350.88,4198848.84
2025-08-22,5449098.2,4148500.98
2025-08-23,6041508.15,4264860.25
2025-08-24,5453002.93,3424060.11
2025-08-25,4519628.51,3651765.3
2025-08-26,4486534.62,4006780.64
2025-08-27,4418040.97,4193183.18
2025-08-28,4860881.99,3978428.62
2025-08-29,5507953.37,3915162.03
2025-08-30,5769168.01,4178895.93
2025-08-31,5475760.38,3146358.13
2025-09-01,3784062.11,2792039.83
2025-09-02,4102725.91,3805465.97
2025-09-03,4435527.36,4345694.07
2025-09-04,5391125.51,4413125.77
2025-09-05,5849055.58,4265284.0
2025-09-06,6128010.38,4580832.91
2025-09-07,4726074.5,3884741.53
2025-09-08,4213761.18,3875226.43
2025-09-09,4535448.95,4126015.12
2025-09-10,4935151.09,4194107.15
2025-09-11,5235061.75,4047674.07
2025-09-12,5494725.52,4195627.19
2025-09-13,6262915.9,3983745.48
2025-09-14,5099041.62,3279004.16
2025-09-15,4057024.13,3904782.26
2025-09-16,4358431.93,4231740.73
2025-09-17,4574994.82,4432091.27
2025-09-18,4974243.01,4330092.99
2025-09-19,5554238.98,4217648.52
2025-09-20,6139756.92,4318392.22
2025-09-21,4987101.35,3461335.6
2025-09-22,4149577.16,4017769.16
2025-09-23,4542568.08,4191653.1
2025-09-24,4543389.73,4590216.03
2025-09-25,5536314.95,4016343.14
2025-09-26,5709777.5,4068215.6
2025-09-27,6825878.17,3707763.72
2025-09-28,5261497.9,3219714.47
2025-09-29,4238838.99,3609111.84
2025-09-30,4227479.32,4079375.77
2025-10-01,4435151.46,4127393.64
2025-10-02,4657036.09,4444665.67
2025-10-03,5427948.48,4247528.41
2025-10-04,6117343.43,4325039.46
2025-10-05,5128773.07,3480656.41
2025-10-06,4154502.09,3810329.54
2025-10-07,4552931.67,4254099.18
2025-10-08,4725572.04,4183348.71
2025-10-09,4951000.56,4043322.8
2025-10-10,5413318.89,3913684.26
2025-10-11,5147630.93,4889866.22
2025-10-12,4736165.12,3833891.83
2025-10-13,3393614.62,3230807.93
2025-10-14,4279115.88,3988706.81
2025-10-15,4505222.69,4155628.2
2025-10-16,4939604.19,4041521.75
2025-10-17,5794260.9,3652535.62
2025-10-18,6089591.02,3978662.07
2025-10-19,5167269.11,3353135.86
2025-10-20,4573701.86,3231170.51
2025-10-21,4694385.64,3490710.17
2025-10-22,4844370.5,3742233.77
2025-10-23,5199852.73,3821411.58
2025-10-24,5862804.11,3849707.47
2025-10-25,6528132.62,3998759.81
2025-10-26,5238158.59,3061373.74
2025-10-27,4353571.95,3549391.51
2025-10-28,4634025.9,3820723.3
2025-10-29,4747404.29,3909431.88
2025-10-30,5609888.22,3655984.87
2025-10-31,7000678.65,3159118.74
2025-11-01,8536234.0,3812623.89
2025-11-02,5956739.45,3258095.47
2025-11-03,4213023.4,3564446.69
2025-11-04,4329587.39,3768368.58
2025-11-05,4709870.36,4036915.39
2025-11-06,4871940.38,4129233.98
2025-11-07,5306564.5,4415861.62
2025-11-08,5745926.25,4334713.79
2025-11-09,4840965.26,2690740.31
2025-11-10,4441771.34,2699633.68
2025-11-11,4370923.16,3537307.87
2025-11-12,4667170.09,3894413.63
2025-11-13,5368086.33,3618641.54
2025-11-14,5480309.11,3863789.89
2025-11-15,6117400.87,4044339.16
2025-11-16,4586958.21,3445564.56
2025-11-17,4069390.89,3776204.84
2025-11-18,4334617.57,3956899.06
2025-11-19,4525430.11,4043212.08
2025-11-20,5074873.61,3887317.28
2025-11-21,5497350.77,3929801.57
2025-11-22,5782079.82,4184346.73
2025-11-23,4559624.26,3349600.2
2025-11-24,3948436.46,3836963.49
2025-11-25,4665687.08,3642931.73
2025-11-26,4857147.82,3817673.73
2025-11-27,5230752.85,3687686.7
2025-11-28,6113305.88,3123116.31
2025-11-29,6215383.58,3687865.36
2025-11-30,4897783.68,2861904.48
2025-12-01,4214357.09,3346922.36
2025-12-02,4784695.56,3456002.67
2025-12-03,5155141.37,3697035.26
2025-12-04,6377146.32,3218739.39
2025-12-05,6654079.02,3281209.05
2025-12-06,7044033.1,3645728.27
2025-12-07,5053367.4,3204909.43
2025-12-08,4537550.65,3142993.73
2025-12-09,5164616.2,3154672.75
2025-12-10,6032909.34,2585705.05
2025-12-11,7097065.45,2550980.86
2025-12-12,7393093.56,2334850.31
2025-12-13,8091773.51,2497822.27
2025-12-14,5850163.69,2332800.79
2025-12-15,4664242.64,2230207.19
2025-12-16,5019442.96,2678808.87
2025-12-17,5187527.42,2789270.46
2025-12-18,5661159.36,2816092.86
2025-12-19,6579385.08,2961102.7
2025-12-20,6562991.76,3445067.62
2025-12-21,5145889.73,2834936.92
2025-12-22,4285894.55,2770842.34
2025-12-23,4691478.39,2833002.29
2025-12-24,4483653.0,3232362.57
2025-12-25,3485220.71,2620687.79
2025-12-26,3912617.81,2093396.52
2025-12-27,4763626.4,3263119.86
2025-12-28,4644836.11,2639128.39
2025-12-29,3881525.51,3105102.44
2025-12-30,4088642.33,3509052.12
2025-12-31,6065630.18,3713778.84
2026-01-01,5534776.4,2639487.78
2026-01-02,3712078.89,3591637.72
2026-01-03,4150959.29,3881112.82
2026-01-04,3659829.34,2898697.84
2026-01-05,3732414.64,3412204.75
2026-01-06,4074839.52,3387430.59
2026-01-07,3888461.47,3643479.89
2026-01-08,3947806.68,3991304.03
2026-01-09,4543548.8,4410198.97
2026-01-10,4967825.35,4182933.49
2026-01-11,4029308.31,3435979.94
2026-01-12,3804551.5,3617462.51
2026-01-13,3968441.04,3774379.03
2026-01-14,4188087.24,3805103.07
2026-01-15,4262101.26,1504347.75
2026-01-16,5982589.39,2095479.34
2026-01-17,5608212.98,2851534.1
2026-01-18,4264153.5,2612546.13
2026-01-19,4291785.72,2700443.76
2026-01-20,4867416.04,2604894.58
2026-01-21,4781093.93,2541906.56
2026-01-22,5104485.08,2666612.96
2026-01-23,5728076.38,2753065.75
2026-01-24,5468674.52,3151734.4
2026-01-25,3832480.89,1549446.2
2026-01-26,3999356.4,1919773.76
2026-01-27,5571472.57,1936595.47
2026-01-28,5222430.72,2316424.83
2026-01-29,5368184.65,2467898.44
2026-01-30,5861528.83,2320602.36
2026-01-31,6044848.23,2447719.44
